Workbook
Name category_STT_10_Quyensudungdat: AssetCategories!$A$1:$A$1
Name category_STT_3_Nhacongtrinhxaydung: AssetCategories!$A$104:$A$111
Name category_STT_4_Vatkientruc: AssetCategories!$A$113:$A$116
Name category_STT_5_Xeoto: AssetCategories!$A$5:$A$81
Name category_STT_6_Phuongtienvantaikhac: AssetCategories!$A$83:$A$97
Name category_STT_7_Maymocthietbi: AssetCategories!$A$118:$A$194
Name category_STT_8_Caylaunamsucvatlamviec: AssetCategories!$A$99:$A$102
Name category_STT_9_Taisancodinhhuuhinhkhac: AssetCategories!$A$3:$A$3
Name districts_STT_001_BaDinh: Wards!$AH$2:$AH$14
Name districts_STT_002_HoanKiem: Wards!$NI$2:$NI$18
Name districts_STT_003_TayHo: Wards!$KB$2:$KB$8
Name districts_STT_004_LongBien: Wards!$MX$2:$MX$14
Name districts_STT_005_CauGiay: Wards!$AL$2:$AL$8
Name districts_STT_006_DongDa: Wards!$ZD$2:$ZD$21
Name districts_STT_007_HaiBaTrung: Wards!$ZU$2:$ZU$18
Name districts_STT_008_HoangMai: Wards!$WW$2:$WW$14
Name districts_STT_009_ThanhXuan: Wards!$CY$2:$CY$11
Name districts_STT_016_SocSon: Wards!$UR$2:$UR$26
Name districts_STT_017_DongAnh: Wards!$UY$2:$UY$24
Name districts_STT_018_GiaLam: Wards!$XR$2:$XR$22
Name districts_STT_019_NamTuLiem: Wards!$HX$2:$HX$10
Name districts_STT_020_ThanhTri: Wards!$DW$2:$DW$16
Name districts_STT_021_BacTuLiem: Wards!$PO$2:$PO$13
Name districts_STT_024_HaGiang: Wards!$KX$2:$KX$8
Name districts_STT_026_DongVan: Wards!$AM$2:$AM$19
Name districts_STT_027_MeoVac: Wards!$DT$2:$DT$18
Name districts_STT_028_YenMinh: Wards!$IQ$2:$IQ$18
Name districts_STT_029_QuanBa: Wards!$KC$2:$KC$13
Name districts_STT_030_ViXuyen: Wards!$QL$2:$QL$24
Name districts_STT_031_BacMe: Wards!$KU$2:$KU$13
Name districts_STT_032_HoangSuPhi: Wards!$YJ$2:$YJ$24
Name districts_STT_033_XinMan: Wards!$GX$2:$GX$18
Name districts_STT_034_BacQuang: Wards!$JK$2:$JK$23
Name districts_STT_035_QuangBinh: Wards!$YG$2:$YG$15
Name districts_STT_040_CaoBang: Wards!$RI$2:$RI$11
Name districts_STT_042_BaoLam: Wards!$KI$2:$KI$13
Name districts_STT_043_BaoLac: Wards!$PX$2:$PX$17
Name districts_STT_045_HaQuang: Wards!$XM$2:$XM$21
Name districts_STT_047_TrungKhanh: Wards!$VI$2:$VI$21
Name districts_STT_048_HaLang: Wards!$ZQ$2:$ZQ$13
Name districts_STT_049_QuangHoa: Wards!$OK$2:$OK$19
Name districts_STT_051_HoaAn: Wards!$OL$2:$OL$15
Name districts_STT_052_NguyenBinh: Wards!$XE$2:$XE$17
Name districts_STT_053_ThachAn: Wards!$TE$2:$TE$14
Name districts_STT_058_BacKan: Wards!$NU$2:$NU$8
Name districts_STT_060_PacNam: Wards!$GB$2:$GB$10
Name districts_STT_061_BaBe: Wards!$BP$2:$BP$15
Name districts_STT_062_NganSon: Wards!$ME$2:$ME$10
Name districts_STT_063_BachThong: Wards!$PZ$2:$PZ$14
Name districts_STT_064_ChoDon: Wards!$DZ$2:$DZ$20
Name districts_STT_065_ChoMoi: Wards!$WH$2:$WH$14
Name districts_STT_066_NaRi: Wards!$VJ$2:$VJ$17
Name districts_STT_070_TuyenQuang: Wards!$SP$2:$SP$15
Name districts_STT_071_LamBinh: Wards!$BK$2:$BK$10
Name districts_STT_072_NaHang: Wards!$KZ$2:$KZ$12
Name districts_STT_073_ChiemHoa: Wards!$BQ$2:$BQ$24
Name districts_STT_074_HamYen: Wards!$ZO$2:$ZO$18
Name districts_STT_075_YenSon: Wards!$HT$2:$HT$28
Name districts_STT_076_SonDuong: Wards!$HE$2:$HE$30
Name districts_STT_080_LaoCai: Wards!$NV$2:$NV$17

Sheet ImportAsset
A1: Thông tin chung | Q1: Thông tin riêng từng loại tài sản | CP1: Thiết bị y tế | CX1: Thông tin kê khai | EB1: Thông tin khấu hao, hao mòn
A2: Danh mục tài sản (*) | B2: Loại tài sản (*) | C2: Tên tài sản (*) | D2: Đơn vị sử dụng (*) | E2: Địa điểm sử dụng | F2: Đơn vị tính | G2: Số quyết định trang cấp (*) | H2: Dự án (*) | I2: Thông tin công khai | K2: Thông tin khác | M2: Lý do tăng (*) | N2: Nguồn hình thành | O2: Giá trị nguồn hình thành | P2: Tổng nguồn hình thành | Q2: Máy móc thiết bị | X2: Đất | AB2: Nhà | AK2: Vật chất kiến trúc | AQ2: Ô tô | BN2: Phương tiện vận chuyển khác | CF2: Cây lâu năm, Súc vật làm việc | CI2: Tài sản cố định hữu hình khác/Tài sản cố định vô hình khác | CX2: Thông số kỹ thuật | CY2: Hiện trạng sử dụng (Ô tô hoặc Tài sản khác) | DE2: Hiện trạng sử dụng ( Nhà hoặc đất) | DP2: Mục đích sử dụng đất và Thông tin giấy tờ đất | EF2: Hao mòn | EJ2: Khấu hao | EO2: Còn lại
I3: Mô tả | J3: Mục đích | K3: Tài sản nhận từ đơn vị | L3: Ghi chú | Q3: Nhãn hiệu | R3: Model | S3: Số Seri | T3: Năm sản xuất | U3: Nước sản xuất | V3: Người sử dụng | W3: Hình thức bố trí sử dụng | X3: Tỉnh/thành phố | Y3: Quận/huyện | Z3: Xã/phường | AA3: Địa chỉ đất | AB3: Có quản lý đất | AC3: Thuộc khuôn viên đất | AD3: Tỉnh/thành phố | AE3: Quận/huyện | AF3: Xã/phường | AG3: Địa chỉ nhà | AH3: Số tầng | AI3: Diện tích xây dựng(m2) | AJ3: Năm xây dựng | AK3: Thuộc khuôn viên đất | AL3: Chiều dài | AM3: Diện tích xây dựng | AN3: Thể tích | AO3: Năm sản xuất | AP3: Nước sản xuất | AQ3: Được miễn thuế | AR3: Số thuế được miễn | AS3: Biển kiểm soát | AT3: Nhãn xe | AU3: Dòng xe | AV3: Tải trọng(kg) | AW3: Số chỗ ngồi | AX3: Công suất xe(kW) | AY3: Dung tích xi lanh(cc) | AZ3: Số cầu | BA3: Số khung | BB3: Số máy | BC3: Năm sản xuất | BD3: Nước sản xuất | BE3: Giấy chứng nhận đăng ký số | BF3: Ngày đăng ký | BG3: Cơ quan cấp đăng ký | BH3: Nguồn gốc xe | BI3: Màu sơn | BJ3: Người sử dụng | BK3: Hình thức bố trí sử dụng | BL3: Chức danh sử dụng | BM3: Chức danh khác | BN3: Biển kiểm soát | BO3: Nhãn hiệu | BP3: Tải trọng(kg) | BQ3: Số chỗ ngồi | BR3: Công suất xe(kW) | BS3: Dung tích xi lanh(cc) | BT3: Số khung | BU3: Số máy | BV3: Năm sản xuất | BW3: Nước sản xuất | BX3: Giấy chứng nhận đăng ký số | BY3: Ngày đăng ký | BZ3: Cơ quan cấp đăng ký | CA3: Nguồn gốc xe | CB3: Màu sơn | CC3: Người sử dụng | CD3: Hình thức bố trí sử dụng | CE3: Chức danh sử dụng | CF3: Năm sinh - trồng trọt | CG3: Nước sản xuất | CH3: Hình thức bố trí sử dụng | CI3: Nhãn hiệu | CJ3: Model | CK3: Seri | CL3: Năm sản xuất | CM3: Nước sản xuất | CN3: Người sử dụng | CO3: Hình thức bố trí sử dụng | CP3: Loại thiết bị y tế | CQ3: Nhóm thiết bị y tế | CR3: Ngày sản xuất | CS3: Hạn sử dụng | CT3: Số lưu hành | CU3: Số lô | CV3: Tên chủ sở hữu số lưu hành | CW3: Địa chỉ chủ sở hữu số lưu hành | CY3: Quản lý nhà nước | CZ3: HĐSN - Không KD | DA3: HĐSN - KD | DB3: HĐSN - LDLK | DC3: HĐSN - Cho thuê | DD3: Sử dụng khác | DE3: Trụ sở làm việc | DF3: Làm cơ sở hoạt động sự nghiệp | DG3: Kinh doanh | DH3: Cho thuê | DI3: Liên doanh, liên kết | DJ3: Sử dụng hỗn hợp | DK3: Bỏ trống | DL3: Làm nhà ở | DM3: Bị lấn chiếm | DN3: Mục đích sử dụng khác | DO3: Tổng diện tích(m2) | DP3: Mục đích sử dụng đất | DQ3: Giấy CNQSDĐ số | DR3: Ngày CNQSDĐ | DS3: Quyết định giao đất số | DT3: Ngày quyết định giao đất | DU3: Hợp đồng chuyển nhượng QSDĐ số | DV3: Ngày hợp đồng chuyển nhượng QSDĐ | DW3: Quyết định cho thuê đất số | DX3: Ngày quyết định cho thuê đất | DY3: Hợp đồng cho thuê đất số | DZ3: Ngày hợp đồng cho thuê đất | EA3: Giấy tờ khác | EB3: Cách tính khấu hao, hao mòn | EC3: Ngày mua | ED3: Ngày bắt đầu sử dụng | EE3: Ngày ghi tăng | EF3: Ngày bắt đầu tính hao mòn | EG3: Số năm sử dụng | EH3: Tỷ lệ hao mòn | EI3: Ngày kết thúc tính hao mòn | EJ3: Ngày bắt đầu trích khấu hao | EK3: Kỳ trích khấu hao | EL3: Số tháng trích khấu hao | EM3: Thời gian trích khấu hao tối thiểu | EN3: Thời gian trích khấu hao tối đa | EO3: Lũy kế | EP3: Giá trị còn lại
A4: STT_10_Quyensudungdat | B4: 10_Quyền sử dụng đất | C4: đất a16 | D4: STT_8_VienDaotaoQuocteveKhoahocVatlieuITIMS | E4: 32_phòng ban quốc tế 1 | F4: 49_căn | G4: 12_Tài liệu số 07 | H4: 8_DA0111 | I4: cạnh a15 | J4: bán nhà | K4: 10_Trung tâm Chuyển đổi số | M4: 11_Quà tặng, biếu, khuyến mãi | N4: Nguồn NSNN cấp;Ngân sách trung ương | O4: 500;2000 | P4: {=IFERROR(SUM(VALUE(_xlfn.TEXTSPLIT(O4, ";"))), "")} -> 2500 | X4: STT_01_HaNoi | Y4: STT_007_HaiBaTrung | Z4: STT_00259_DongNhan | AA4: 1000 hbt dong nhan | DE4: 10 | DF4: 40 | DG4: 200 | DH4: 40 | DI4: 200 | DJ4: 40 | DK4: 50 | DO4: =IF(SUM(DE4:DN4)=0, "", SUM(DE4:DN4)) -> 580 | EB4: Tính khấu hao | EG4: =IF(NOT(ISBLANK($B4)),VLOOKUP($B4,AssetCategories!$A:$E,5,0),"") -> 10 | EH4: =IF(NOT(ISBLANK($B4)),VLOOKUP($B4,AssetCategories!$A:$E,4,0),"") -> 10 | EJ4: 31/03/2024 | EK4: Năm | EL4: 80 | EM4: =IF(NOT(ISBLANK($B4)),VLOOKUP($B4,AssetCategories!$A:$E,2,0),"") -> 5 | EN4: =IF(NOT(ISBLANK($B4)),VLOOKUP($B4,AssetCategories!$A:$E,3,0),"") -> 10 | EP4: =IFERROR(P4-EO4, "") -> 2500
A5: STT_9_Taisancodinhhuuhinhkhac | B5: 9_Tài sản cố định hữu hình khác | C5: cây cột trụ | D5: STT_8_VienDaotaoQuocteveKhoahocVatlieuITIMS | E5: 32_phòng ban quốc tế 1 | F5: 44_căn | G5: 12_Tài liệu số 07 | H5: 7_DA022 | I5: k có | M5: 4_Quà tặng, biếu, khuyến mãi | N5: Nguồn NSNN cấp;Ngân sách trung ương | O5: 500;2000 | P5: {=IFERROR(SUM(VALUE(_xlfn.TEXTSPLIT(O5, ";"))), "")} -> 2500 | CI5: CMC | CJ5: SSSS | CK5: 09AS | CL5: 2021 | CM5: 5_Anh | CO5: 3_Phục vụ hoạt động đặc thù | CY5: Có | DA5: Có | DB5: Có | DD5: Có | DO5: =IF(SUM(DE5:DN5)=0, "", SUM(DE5:DN5)) | EB5: Tính cả hai | EC5: 01/02/2023 | ED5: 01/02/2023 | EE5: 01/02/2023 | EF5: 01/02/2023 | EG5: =IF(NOT(ISBLANK($B5)),VLOOKUP($B5,AssetCategories!$A:$E,5,0),"") -> 10 | EH5: =IF(NOT(ISBLANK($B5)),VLOOKUP($B5,AssetCategories!$A:$E,4,0),"") -> 10 | EI5: 01/02/2024 | EJ5: 31/03/2024 | EK5: Tháng | EL5: 70 | EM5: =IF(NOT(ISBLANK($B5)),VLOOKUP($B5,AssetCategories!$A:$E,2,0),"") -> 5 | EN5: =IF(NOT(ISBLANK($B5)),VLOOKUP($B5,AssetCategories!$A:$E,3,0),"") -> 10 | EP5: =IFERROR(P5-EO5, "") -> 2500
P6: {=IFERROR(SUM(VALUE(_xlfn.TEXTSPLIT(O6, ";"))), "")} | DO6: =IF(SUM(DE6:DN6)=0, "", SUM(DE6:DN6)) | EG6: =IF(NOT(ISBLANK($B6)),VLOOKUP($B6,AssetCategories!$A:$E,5,0),"") | EH6: =IF(NOT(ISBLANK($B6)),VLOOKUP($B6,AssetCategories!$A:$E,4,0),"") | EM6: =IF(NOT(ISBLANK($B6)),VLOOKUP($B6,AssetCategories!$A:$E,2,0),"") | EN6: =IF(NOT(ISBLANK($B6)),VLOOKUP($B6,AssetCategories!$A:$E,3,0),"") | EP6: =IFERROR(P6-EO6, "")
P7: {=IFERROR(SUM(VALUE(_xlfn.TEXTSPLIT(O7, ";"))), "")} | DO7: =IF(SUM(DE7:DN7)=0, "", SUM(DE7:DN7)) | EG7: =IF(NOT(ISBLANK($B7)),VLOOKUP($B7,AssetCategories!$A:$E,5,0),"") | EH7: =IF(NOT(ISBLANK($B7)),VLOOKUP($B7,AssetCategories!$A:$E,4,0),"") | EM7: =IF(NOT(ISBLANK($B7)),VLOOKUP($B7,AssetCategories!$A:$E,2,0),"") | EN7: =IF(NOT(ISBLANK($B7)),VLOOKUP($B7,AssetCategories!$A:$E,3,0),"") | EP7: =IFERROR(P7-EO7, "")
P8: {=IFERROR(SUM(VALUE(_xlfn.TEXTSPLIT(O8, ";"))), "")} | DO8: =IF(SUM(DE8:DN8)=0, "", SUM(DE8:DN8)) | EG8: =IF(NOT(ISBLANK($B8)),VLOOKUP($B8,AssetCategories!$A:$E,5,0),"") | EH8: =IF(NOT(ISBLANK($B8)),VLOOKUP($B8,AssetCategories!$A:$E,4,0),"") | EM8: =IF(NOT(ISBLANK($B8)),VLOOKUP($B8,AssetCategories!$A:$E,2,0),"") | EN8: =IF(NOT(ISBLANK($B8)),VLOOKUP($B8,AssetCategories!$A:$E,3,0),"") | EP8: =IFERROR(P8-EO8, "")
P9: {=IFERROR(SUM(VALUE(_xlfn.TEXTSPLIT(O9, ";"))), "")} | DO9: =IF(SUM(DE9:DN9)=0, "", SUM(DE9:DN9)) | EG9: =IF(NOT(ISBLANK($B9)),VLOOKUP($B9,AssetCategories!$A:$E,5,0),"") | EH9: =IF(NOT(ISBLANK($B9)),VLOOKUP($B9,AssetCategories!$A:$E,4,0),"") | EM9: =IF(NOT(ISBLANK($B9)),VLOOKUP($B9,AssetCategories!$A:$E,2,0),"") | EN9: =IF(NOT(ISBLANK($B9)),VLOOKUP($B9,AssetCategories!$A:$E,3,0),"") | EP9: =IFERROR(P9-EO9, "")
P10: {=IFERROR(SUM(VALUE(_xlfn.TEXTSPLIT(O10, ";"))), "")} | DO10: =IF(SUM(DE10:DN10)=0, "", SUM(DE10:DN10)) | EG10: =IF(NOT(ISBLANK($B10)),VLOOKUP($B10,AssetCategories!$A:$E,5,0),"") | EH10: =IF(NOT(ISBLANK($B10)),VLOOKUP($B10,AssetCategories!$A:$E,4,0),"") | EM10: =IF(NOT(ISBLANK($B10)),VLOOKUP($B10,AssetCategories!$A:$E,2,0),"") | EN10: =IF(NOT(ISBLANK($B10)),VLOOKUP($B10,AssetCategories!$A:$E,3,0),"") | EP10: =IFERROR(P10-EO10, "")
P11: {=IFERROR(SUM(VALUE(_xlfn.TEXTSPLIT(O11, ";"))), "")} | DO11: =IF(SUM(DE11:DN11)=0, "", SUM(DE11:DN11)) | EG11: =IF(NOT(ISBLANK($B11)),VLOOKUP($B11,AssetCategories!$A:$E,5,0),"") | EH11: =IF(NOT(ISBLANK($B11)),VLOOKUP($B11,AssetCategories!$A:$E,4,0),"") | EM11: =IF(NOT(ISBLANK($B11)),VLOOKUP($B11,AssetCategories!$A:$E,2,0),"") | EN11: =IF(NOT(ISBLANK($B11)),VLOOKUP($B11,AssetCategories!$A:$E,3,0),"") | EP11: =IFERROR(P11-EO11, "")
P12: {=IFERROR(SUM(VALUE(_xlfn.TEXTSPLIT(O12, ";"))), "")} | DO12: =IF(SUM(DE12:DN12)=0, "", SUM(DE12:DN12)) | EG12: =IF(NOT(ISBLANK($B12)),VLOOKUP($B12,AssetCategories!$A:$E,5,0),"") | EH12: =IF(NOT(ISBLANK($B12)),VLOOKUP($B12,AssetCategories!$A:$E,4,0),"") | EM12: =IF(NOT(ISBLANK($B12)),VLOOKUP($B12,AssetCategories!$A:$E,2,0),"") | EN12: =IF(NOT(ISBLANK($B12)),VLOOKUP($B12,AssetCategories!$A:$E,3,0),"") | EP12: =IFERROR(P12-EO12, "")
P13: {=IFERROR(SUM(VALUE(_xlfn.TEXTSPLIT(O13, ";"))), "")} | DO13: =IF(SUM(DE13:DN13)=0, "", SUM(DE13:DN13)) | EG13: =IF(NOT(ISBLANK($B13)),VLOOKUP($B13,AssetCategories!$A:$E,5,0),"") | EH13: =IF(NOT(ISBLANK($B13)),VLOOKUP($B13,AssetCategories!$A:$E,4,0),"") | EM13: =IF(NOT(ISBLANK($B13)),VLOOKUP($B13,AssetCategories!$A:$E,2,0),"") | EN13: =IF(NOT(ISBLANK($B13)),VLOOKUP($B13,AssetCategories!$A:$E,3,0),"") | EP13: =IFERROR(P13-EO13, "")
P14: {=IFERROR(SUM(VALUE(_xlfn.TEXTSPLIT(O14, ";"))), "")} | DO14: =IF(SUM(DE14:DN14)=0, "", SUM(DE14:DN14)) | EG14: =IF(NOT(ISBLANK($B14)),VLOOKUP($B14,AssetCategories!$A:$E,5,0),"") | EH14: =IF(NOT(ISBLANK($B14)),VLOOKUP($B14,AssetCategories!$A:$E,4,0),"") | EM14: =IF(NOT(ISBLANK($B14)),VLOOKUP($B14,AssetCategories!$A:$E,2,0),"") | EN14: =IF(NOT(ISBLANK($B14)),VLOOKUP($B14,AssetCategories!$A:$E,3,0),"") | EP14: =IFERROR(P14-EO14, "")
P15: {=IFERROR(SUM(VALUE(_xlfn.TEXTSPLIT(O15, ";"))), "")} | DO15: =IF(SUM(DE15:DN15)=0, "", SUM(DE15:DN15)) | EG15: =IF(NOT(ISBLANK($B15)),VLOOKUP($B15,AssetCategories!$A:$E,5,0),"") | EH15: =IF(NOT(ISBLANK($B15)),VLOOKUP($B15,AssetCategories!$A:$E,4,0),"") | EM15: =IF(NOT(ISBLANK($B15)),VLOOKUP($B15,AssetCategories!$A:$E,2,0),"") | EN15: =IF(NOT(ISBLANK($B15)),VLOOKUP($B15,AssetCategories!$A:$E,3,0),"") | EP15: =IFERROR(P15-EO15, "")
P16: {=IFERROR(SUM(VALUE(_xlfn.TEXTSPLIT(O16, ";"))), "")} | DO16: =IF(SUM(DE16:DN16)=0, "", SUM(DE16:DN16)) | EG16: =IF(NOT(ISBLANK($B16)),VLOOKUP($B16,AssetCategories!$A:$E,5,0),"") | EH16: =IF(NOT(ISBLANK($B16)),VLOOKUP($B16,AssetCategories!$A:$E,4,0),"") | EM16: =IF(NOT(ISBLANK($B16)),VLOOKUP($B16,AssetCategories!$A:$E,2,0),"") | EN16: =IF(NOT(ISBLANK($B16)),VLOOKUP($B16,AssetCategories!$A:$E,3,0),"") | EP16: =IFERROR(P16-EO16, "")
P17: {=IFERROR(SUM(VALUE(_xlfn.TEXTSPLIT(O17, ";"))), "")} | DO17: =IF(SUM(DE17:DN17)=0, "", SUM(DE17:DN17)) | EG17: =IF(NOT(ISBLANK($B17)),VLOOKUP($B17,AssetCategories!$A:$E,5,0),"") | EH17: =IF(NOT(ISBLANK($B17)),VLOOKUP($B17,AssetCategories!$A:$E,4,0),"") | EM17: =IF(NOT(ISBLANK($B17)),VLOOKUP($B17,AssetCategories!$A:$E,2,0),"") | EN17: =IF(NOT(ISBLANK($B17)),VLOOKUP($B17,AssetCategories!$A:$E,3,0),"") | EP17: =IFERROR(P17-EO17, "")
... P2001: {=IFERROR(SUM(VALUE(_xlfn.TEXTSPLIT(O2001, ";"))), "")} | DO2001: =IF(SUM(DE2001:DN2001)=0, "", SUM(DE2001:DN2001)) | EG2001: =IF(NOT(ISBLANK($B2001)),VLOOKUP($B2001,AssetCategories!$A:$E,5,0),"") | EH2001: =IF(NOT(ISBLANK($B2001)),VLOOKUP($B2001,AssetCategories!$A:$E,4,0),"") | EM2001: =IF(NOT(ISBLANK($B2001)),VLOOKUP($B2001,AssetCategories!$A:$E,2,0),"") | EN2001: =IF(NOT(ISBLANK($B2001)),VLOOKUP($B2001,AssetCategories!$A:$E,3,0),"") | EP2001: =IFERROR(P2001-EO2001, "")
P2002: {=IFERROR(SUM(VALUE(_xlfn.TEXTSPLIT(O2002, ";"))), "")} | DO2002: =IF(SUM(DE2002:DN2002)=0, "", SUM(DE2002:DN2002)) | EP2002: =IFERROR(P2002-EO2002, "")
P2003: {=IFERROR(SUM(VALUE(_xlfn.TEXTSPLIT(O2003, ";"))), "")} | DO2003: =IF(SUM(DE2003:DN2003)=0, "", SUM(DE2003:DN2003)) | EP2003: =IFERROR(P2003-EO2003, "")
P2004: {=IFERROR(SUM(VALUE(_xlfn.TEXTSPLIT(O2004, ";"))), "")} | DO2004: =IF(SUM(DE2004:DN2004)=0, "", SUM(DE2004:DN2004)) | EP2004: =IFERROR(P2004-EO2004, "")
P2005: {=IFERROR(SUM(VALUE(_xlfn.TEXTSPLIT(O2005, ";"))), "")} | DO2005: =IF(SUM(DE2005:DN2005)=0, "", SUM(DE2005:DN2005)) | EP2005: =IFERROR(P2005-EO2005, "")
P2006: {=IFERROR(SUM(VALUE(_xlfn.TEXTSPLIT(O2006, ";"))), "")} | DO2006: =IF(SUM(DE2006:DN2006)=0, "", SUM(DE2006:DN2006)) | EP2006: =IFERROR(P2006-EO2006, "")
P2007: {=IFERROR(SUM(VALUE(_xlfn.TEXTSPLIT(O2007, ";"))), "")} | DO2007: =IF(SUM(DE2007:DN2007)=0, "", SUM(DE2007:DN2007)) | EP2007: =IFERROR(P2007-EO2007, "")
P2008: {=IFERROR(SUM(VALUE(_xlfn.TEXTSPLIT(O2008, ";"))), "")} | DO2008: =IF(SUM(DE2008:DN2008)=0, "", SUM(DE2008:DN2008)) | EP2008: =IFERROR(P2008-EO2008, "")
P2009: {=IFERROR(SUM(VALUE(_xlfn.TEXTSPLIT(O2009, ";"))), "")} | DO2009: =IF(SUM(DE2009:DN2009)=0, "", SUM(DE2009:DN2009)) | EP2009: =IFERROR(P2009-EO2009, "")
P2010: {=IFERROR(SUM(VALUE(_xlfn.TEXTSPLIT(O2010, ";"))), "")} | DO2010: =IF(SUM(DE2010:DN2010)=0, "", SUM(DE2010:DN2010)) | EP2010: =IFERROR(P2010-EO2010, "")
P2011: {=IFERROR(SUM(VALUE(_xlfn.TEXTSPLIT(O2011, ";"))), "")} | DO2011: =IF(SUM(DE2011:DN2011)=0, "", SUM(DE2011:DN2011)) | EP2011: =IFERROR(P2011-EO2011, "")
P2012: {=IFERROR(SUM(VALUE(_xlfn.TEXTSPLIT(O2012, ";"))), "")} | DO2012: =IF(SUM(DE2012:DN2012)=0, "", SUM(DE2012:DN2012)) | EP2012: =IFERROR(P2012-EO2012, "")
P2013: {=IFERROR(SUM(VALUE(_xlfn.TEXTSPLIT(O2013, ";"))), "")} | DO2013: =IF(SUM(DE2013:DN2013)=0, "", SUM(DE2013:DN2013)) | EP2013: =IFERROR(P2013-EO2013, "")
... P2058: {=IFERROR(SUM(VALUE(_xlfn.TEXTSPLIT(O2058, ";"))), "")} | DO2058: =IF(SUM(DE2058:DN2058)=0, "", SUM(DE2058:DN2058)) | EP2058: =IFERROR(P2058-EO2058, "")
P2059: {=IFERROR(SUM(VALUE(_xlfn.TEXTSPLIT(O2059, ";"))), "")} | EP2059: =IFERROR(P2059-EO2059, "")
P2060: {=IFERROR(SUM(VALUE(_xlfn.TEXTSPLIT(O2060, ";"))), "")} | EP2060: =IFERROR(P2060-EO2060, "")
P2061: {=IFERROR(SUM(VALUE(_xlfn.TEXTSPLIT(O2061, ";"))), "")} | EP2061: =IFERROR(P2061-EO2061, "")
P2062: {=IFERROR(SUM(VALUE(_xlfn.TEXTSPLIT(O2062, ";"))), "")} | EP2062: =IFERROR(P2062-EO2062, "")
P2063: {=IFERROR(SUM(VALUE(_xlfn.TEXTSPLIT(O2063, ";"))), "")} | EP2063: =IFERROR(P2063-EO2063, "")
P2064: {=IFERROR(SUM(VALUE(_xlfn.TEXTSPLIT(O2064, ";"))), "")} | EP2064: =IFERROR(P2064-EO2064, "")
P2065: {=IFERROR(SUM(VALUE(_xlfn.TEXTSPLIT(O2065, ";"))), "")} | EP2065: =IFERROR(P2065-EO2065, "")
P2066: {=IFERROR(SUM(VALUE(_xlfn.TEXTSPLIT(O2066, ";"))), "")} | EP2066: =IFERROR(P2066-EO2066, "")
P2067: {=IFERROR(SUM(VALUE(_xlfn.TEXTSPLIT(O2067, ";"))), "")} | EP2067: =IFERROR(P2067-EO2067, "")
P2068: {=IFERROR(SUM(VALUE(_xlfn.TEXTSPLIT(O2068, ";"))), "")} | EP2068: =IFERROR(P2068-EO2068, "")
P2069: {=IFERROR(SUM(VALUE(_xlfn.TEXTSPLIT(O2069, ";"))), "")} | EP2069: =IFERROR(P2069-EO2069, "")
P2070: {=IFERROR(SUM(VALUE(_xlfn.TEXTSPLIT(O2070, ";"))), "")} | EP2070: =IFERROR(P2070-EO2070, "")
... P2195: {=IFERROR(SUM(VALUE(_xlfn.TEXTSPLIT(O2195, ";"))), "")} | EP2195: =IFERROR(P2195-EO2195, "")
P2196: {=IFERROR(SUM(VALUE(_xlfn.TEXTSPLIT(O2196, ";"))), "")}
P2197: {=IFERROR(SUM(VALUE(_xlfn.TEXTSPLIT(O2197, ";"))), "")}
P2198: {=IFERROR(SUM(VALUE(_xlfn.TEXTSPLIT(O2198, ";"))), "")}
P2199: {=IFERROR(SUM(VALUE(_xlfn.TEXTSPLIT(O2199, ";"))), "")}
P2200: {=IFERROR(SUM(VALUE(_xlfn.TEXTSPLIT(O2200, ";"))), "")}
P2201: {=IFERROR(SUM(VALUE(_xlfn.TEXTSPLIT(O2201, ";"))), "")}

Sheet Hướng dẫn nhập thông tin
A1: Thông tin chung | Q1: Thông tin riêng từng loại tài sản | CP1: Thiết bị y tế | CX1: Thông tin kê khai | EB1: Thông tin khấu hao, hao mòn
A2: Danh mục tài sản (*) | B2: Loại tài sản (*) | C2: Tên tài sản (*) | D2: Đơn vị sử dụng (*) | E2: Địa điểm sử dụng | F2: Đơn vị tính | G2: Số quyết định trang cấp (*) | H2: Dự án (*) | I2: Thông tin công khai | K2: Thông tin khác | M2: Lý do tăng (*) | N2: Nguồn hình thành | O2: Giá trị nguồn hình thành | P2: Tổng nguồn hình thành | Q2: Máy móc thiết bị | X2: Đất | AB2: Nhà | AK2: Vật chất kiến trúc | AQ2: Ô tô | BN2: Phương tiện vận chuyển khác | CF2: Cây lâu năm, Súc vật làm việc | CI2: Tài sản cố định hữu hình khác/Tài sản cố định vô hình khác | CX2: Thông số kỹ thuật | CY2: Hiện trạng sử dụng (Ô tô hoặc Tài sản khác) | DE2: Hiện trạng sử dụng ( Nhà hoặc đất) | DP2: Mục đích sử dụng đất và Thông tin giấy tờ đất | EF2: Hao mòn | EJ2: Khấu hao | EO2: Còn lại
I3: Mô tả | J3: Mục đích | K3: Tài sản nhận từ đơn vị | L3: Ghi chú | Q3: Nhãn hiệu | R3: Model | S3: Số Seri | T3: Năm sản xuất | U3: Nước sản xuất | V3: Người sử dụng | W3: Hình thức bố trí sử dụng | X3: Tỉnh/thành phố | Y3: Quận/huyện | Z3: Xã/phường | AA3: Địa chỉ đất | AB3: Có quản lý đất | AC3: Thuộc khuôn viên đất | AD3: Tỉnh/thành phố | AE3: Quận/huyện | AF3: Xã/phường | AG3: Địa chỉ nhà | AH3: Số tầng | AI3: Diện tích xây dựng(m2) | AJ3: Năm xây dựng | AK3: Thuộc khuôn viên đất | AL3: Chiều dài | AM3: Diện tích xây dựng | AN3: Thể tích | AO3: Năm sản xuất | AP3: Nước sản xuất | AQ3: Được miễn thuế | AR3: Số thuế được miễn | AS3: Biển kiểm soát | AT3: Nhãn xe | AU3: Dòng xe | AV3: Tải trọng(kg) | AW3: Số chỗ ngồi | AX3: Công suất xe(kW) | AY3: Dung tích xi lanh(cc) | AZ3: Số cầu | BA3: Số khung | BB3: Số máy | BC3: Năm sản xuất | BD3: Nước sản xuất | BE3: Giấy chứng nhận đăng ký số | BF3: Ngày đăng ký | BG3: Cơ quan cấp đăng ký | BH3: Nguồn gốc xe | BI3: Màu sơn | BJ3: Người sử dụng | BK3: Hình thức bố trí sử dụng | BL3: Chức danh sử dụng | BM3: Chức danh khác | BN3: Biển kiểm soát | BO3: Nhãn hiệu | BP3: Tải trọng(kg) | BQ3: Số chỗ ngồi | BR3: Công suất xe(kW) | BS3: Dung tích xi lanh(cc) | BT3: Số khung | BU3: Số máy | BV3: Năm sản xuất | BW3: Nước sản xuất | BX3: Giấy chứng nhận đăng ký số | BY3: Ngày đăng ký | BZ3: Cơ quan cấp đăng ký | CA3: Nguồn gốc xe | CB3: Màu sơn | CC3: Người sử dụng | CD3: Hình thức bố trí sử dụng | CE3: Chức danh sử dụng | CF3: Năm sinh - trồng trọt | CG3: Nước sản xuất | CH3: Hình thức bố trí sử dụng | CI3: Nhãn hiệu | CJ3: Model | CK3: Seri | CL3: Năm sản xuất | CM3: Nước sản xuất | CN3: Người sử dụng | CO3: Hình thức bố trí sử dụng | CP3: Loại thiết bị y tế | CQ3: Nhóm thiết bị y tế | CR3: Ngày sản xuất | CS3: Hạn sử dụng | CT3: Số lưu hành | CU3: Số lô | CV3: Tên chủ sở hữu số lưu hành | CW3: Địa chỉ chủ sở hữu số lưu hành | CY3: Quản lý nhà nước | CZ3: HĐSN - Không KD | DA3: HĐSN - KD | DB3: HĐSN - LDLK | DC3: HĐSN - Cho thuê | DD3: Sử dụng khác | DE3: Trụ sở làm việc | DF3: Làm cơ sở hoạt động sự nghiệp | DG3: Kinh doanh | DH3: Cho thuê | DI3: Liên doanh, liên kết | DJ3: Sử dụng hỗn hợp | DK3: Bỏ trống | DL3: Làm nhà ở | DM3: Bị lấn chiếm | DN3: Mục đích sử dụng khác | DO3: Tổng diện tích(m2) | DP3: Mục đích sử dụng đất | DQ3: Giấy CNQSDĐ số | DR3: Ngày CNQSDĐ | DS3: Quyết định giao đất số | DT3: Ngày quyết định giao đất | DU3: Hợp đồng chuyển nhượng QSDĐ số | DV3: Ngày hợp đồng chuyển nhượng QSDĐ | DW3: Quyết định cho thuê đất số | DX3: Ngày quyết định cho thuê đất | DY3: Hợp đồng cho thuê đất số | DZ3: Ngày hợp đồng cho thuê đất | EA3: Giấy tờ khác | EB3: Cách tính khấu hao, hao mòn | EC3: Ngày mua | ED3: Ngày bắt đầu sử dụng | EE3: Ngày ghi tăng | EF3: Ngày bắt đầu tính hao mòn | EG3: Số năm sử dụng | EH3: Tỷ lệ hao mòn | EI3: Ngày kết thúc tính hao mòn | EJ3: Ngày bắt đầu trích khấu hao | EK3: Kỳ trích khấu hao | EL3: Số tháng trích khấu hao | EM3: Thời gian trích khấu hao tối thiểu | EN3: Thời gian trích khấu hao tối đa | EO3: Lũy kế | EP3: Giá trị còn lại
A4: Bao gồm các nhóm loại tài sản được quy định phân loại trong thông tư 23/2023/TT-BTC: 1. Tài sản cố định hữu hình - Nhà, công trình xây dựng - Vật kiến trúc - Xe ô tô - Phương tiện vận tải khác - Máy móc thiết bị - Cây lâu năm, súc vật làm việc và/hoặc cho sản phẩm - Tài sản cố định hữu hình khác 2. Tài sản cố định vô định hình 3. Tài sản cố định đặc thù | B4: Loại tài sản được cung cấp theo danh mục loại tài sản, hao mòn và số năm sử dụng ban hành kèm theo thông tư 23/2023/TT-BTC. | C4: Tên tài sản được sử dụng để phân biệt các tài sản. Người dùng nên đặt tên tài sản theo cú pháp quy ước để thuận tiện cho việc tra cứu, tìm kiếm. | D4: Đơn vị sử dụng là trường, khoa, phòng ban trung tâm hoặc các đơn vị cấp dưới trực thuộc được bàn giao sử dụng tài sản. | E4: Địa điểm sử dụng là vị trí cụ thể đặt, sử dụng tài sản đó trong đơn vị được cấp. Ví dụ: Phòng ban A có thể có: 2 phòng là 101, 102 và tài sản đó được sử dụng ở phòng 102 | F4: Đối với mỗi loại tài sản, danh sách đơn vị tính sẽ thay đổi phù hợp với từng tài sản.Ví dụ: Máy móc thiết bị sẽ có đơn vị tính là:"Cái, Chiếc, ..." | G4: Số hiệu quyết định cấp trên có thẩm quyền ra quyết định trang cấp, mua sắm, tiếp nhận,... tài sản | H4: Tên của dự án mà ài sản được sử dụng để phục vụ | I4: Mô tả thông tin của tài sản cố định | J4: Mục đích mà sử dụng cho từng loại tài sản theo nhu cầu | K4: Đơn vị bàn giao tài sản này | L4: Ghi chú về thông tin tài sản nếu có | M4: Lý do tăng của mỗi loại tài sản như: Mua sắm, kiểm kê, đầu tư,… | N4: Nguồn hình thành là các nguồn vốn hoặc tài chính được sử dụng để mua sắm, xây dựng hoặc tạo ra tài sản cố định cho doanh nghiệp hoặc tổ chức. Từ đó tính ra giá trị nguyên giá ghi theo sổ kế toán. Khi nhập thông tin trong người dùng nhập thông tin các nguồn hình thành và các nhau bởi dấu ";" ví dụ như: Ngân sách Huyện tự chủ;Ngân sách Xã;Nguồn tài trợ - viện trợ | O4: Đây là giá trị của mỗi nguồn hình thành được nhập ở ô bên cạnh. Người nhập sẽ điện giá trị của các nguồn hình thành tương ứng với loại nguồn hình thành bên cạnh ví dụ có 3 nguồn hình thành bên cạnh với giá trị lần lượt là:Ngân sách Huyện tự chủ là 300;Ngân sách Xã là 400 ;Nguồn tài trợ - viện trợ là 500 thì ở ô này ta sẽ điền thông tin là :300;400;500 | P4: là tổng các giá trị của nguồn hình thành bên cạnh | Q4: thông tin nhãn hiệu của thiết bị này | R4: Đây là số hiệu quy định của dòng sản phẩm được ghi trên mỗi thiết bị cùng với thông số kỹ thuật | S4: Mã số riêng của từng thiết bị được nhà sản xuất cung cấp ghi trên thiết bị | T4: Năm thiết bị được sản xuất | U4: Quốc gia sản xuất ra thiết bị | V4: Người thuộctrong đơn vị mà được bàn giao sử dụng thiết bị đó | W4: Gồm các hình thức sau: Phục vụ chức danh có tiêu chuẩn Phục vụ công tác chung Phục vụ hoạt động đặc thù Sử dụng khác Điều chuyển | X4: Thông tin tỉnh/thành phố của địa chỉ đất | Y4: Thông tin quận/huyện của địa chỉ đất | Z4: Thông tin xã/phường của địa chỉ đất | AA4: thông tin cụ thể của địa chỉ đất | AB4: Thông tin bao gồm: "Có hoặc Không" | AC4: Nếu người dùng chọn có quản lý đất: thì ở cột này sẽ chọn thông tin về tài sản đất mà tòa nhà này được xây dựng trên | AD4: Thông tin tỉnh/thành phố của địa chỉ nhà | AE4: Thông tin quận/huyện của địa chỉ nhà | AF4: Thông tin xã/phường của địa chỉ nhà | AG4: thông tin cụ thể của địa chỉ nhà | AH4: Số tầng của ngôi/tòa nhà | AI4: Diện tích của tòa nhà đó | AJ4: Năm tòa nhà bắt đầu xây dựng | AK4: cột này sẽ chọn thông tin về tài sản đất mà vật kiến trúc này được xây dựng, đặt trên | AL4: Chiều dài của vật kiến trúc | AM4: Diện tích của vật kiến trúc | AN4: Thể tích của vật kiến trúc | AO4: Thông tin nước sản xuất của vật kiến trúc | AP4: Thông tin nước sản xuất của vật kiến trúc | AQ4: Ô tô có được miễn thuế hay không(Người sử dụng sẽ chọn Có hoăc Không) | AR4: Nếu người chọn Có được miễn thuế thì điền thêm thông tin số thuế được miễn vào | AS4: Biển kiểm soát của xe ô tô | AT4: Nhãn hiệu của xe để phân biệt giữa các xe | AU4: Dòng xe ô tô | AV4: Khối lượng hành hóa mà xe có thể vận chuyển | AW4: Số chỗ ngồi trong xe ô tô | AX4: Biểu thị tốc độ tối đa mà xe có thể đạt được | AY4: Thể tích của động cơ | AZ4: Ghi theo số cầu đối với ô tô có từ 4 đến 8 chỗ | BA4: Là chuỗi ký tự trên xe cung cấp thông tin về nhãn hiệu,động cơ,.. | BB4: Số máy giúp xác định động cơ cụ thể được lắp trong xe là gì | BC4: Thông tin năm sản xuất của ô tô | BD4: Thông tin nước sản xuất của ô tô | BE4: Giấy xác nhận quyền sở hữu của phương tiện | BF4: Ngày đăng ký xe | BG4: cơ quan cấp giấy xác nhận quyền sở hữu của phương tiện | BH4: bao gồm: Xe nhập khẩu, sản xuất lắp ráp trong nước, Xe bị tịch thu | BI4: Màu sơn của xe | BJ4: Người thuộc trong đơn vị mà được bàn giao sử dụng ô tô | BK4: Gồm các hình thức sau: Phục vụ chức danh có tiêu chuẩn Phục vụ công tác chung Phục vụ hoạt động đặc thù Sử dụng khác Điều chuyển | BL4: Chức danh được sử dụng với loại ô tô chuyên phục vụ chức danh này | BM4: Chức danh khác được sử dụng với loại ô tô chuyên phục vụ chức danh này | BN4: Nhãn hiệu của xe để phân biệt giữa các xe | BO4: Dòng xe ô tô | BP4: Khối lượng hành hóa mà xe có thể vận chuyển | BQ4: Số chỗ ngồi trong xe ô tô | BR4: Biểu thị tốc độ tối đa mà xe có thể đạt được | BS4: Thể tích của động cơ | BT4: Là chuỗi ký tự trên xe cung cấp thông tin về nhãn hiệu,động cơ,.. | BU4: Số máy giúp xác định động cơ cụ thể được lắp trong xe là gì | BV4: Thông tin năm sản xuất của phương tiện | BW4: Thông tin nước sản xuất của phương tiện | BX4: Giấy xác nhận quyền sở hữu của phương tiện | BY4: Ngày đăng ký xe | BZ4: cơ quan cấp giấy xác nhận quyền sở hữu của phương tiện | CA4: gồm một vài nguồn như: Nhập khẩu, sản xuất lắp ráp trong nước, bị tịch thu | CB4: Màu sơn của phương tiện | CC4: Người thuộc trong đơn vị mà được bàn giao sử dụng phương tiện | CD4: Gồm các hình thức sau: Phục vụ chức danh có tiêu chuẩn Phục vụ công tác chung Phục vụ hoạt động đặc thù Sử dụng khác Điều chuyển | CE4: Chức danh được sử dụng với loại phương tiện này | CF4: Năm hình thành tài sản này | CG4: Thông tin nước sản xuất của tài sản | CH4: Gồm các hình thức sau: Phục vụ chức danh có tiêu chuẩn Phục vụ công tác chung Phục vụ hoạt động đặc thù Sử dụng khác Điều chuyển | CI4: thông tin nhãn hiệu của tài sản này | CJ4: Đây là số hiệu quy định của dòng sản phẩm được ghi trên mỗi tài sản cùng với thông số kỹ thuật | CK4: Mã số riêng của từng thiết bị được nhà sản xuất cung cấp ghi trên tài sản | CL4: Năm tài sản được sản xuất | CM4: Quốc gia sản xuất ra tài sản | CN4: Người thuộctrong đơn vị mà được bàn giao sử dụng tài sản đó | CO4: Gồm các hình thức sau: Phục vụ chức danh có tiêu chuẩn Phục vụ công tác chung Phục vụ hoạt động đặc thù Sử dụng khác Điều chuyển | CP4: Danh sách các trang thiết bị y tế | CQ4: Thiết bị y tế được chia thành 4 nhóm: 1. Trang thiết bị y tế thuộc loại A là trang thiết bị y tế có mức độ rủi ro thấp. 2. Trang thiết bị y tế thuộc loại B là trang thiết bị y tế có mức độ rủi ro trung bình thấp. 3. Trang thiết bị y tế thuộc loại C là trang thiết bị y tế có mức độ rủi ro trung bình cao. 4. Trang thiết bị y tế thuộc loại D là trang thiết bị y tế có mức độ rủi ro cao. | CR4: Ngày sản xuất ghi trên bao bì, thông tin đi kèm của sản phẩm. | CS4: Thời hạn được nhà sản xuất cung cấp đảm bảo sản phẩm an toàn, hiệu quả. | CT4: Số lưu hành của trang thiết bị y tế là: Số công bố tiêu chuẩn áp dụng đối với trang thiết bị y tế thuộc loại A, B; hoặc Số giấy chứng nhận đăng ký lưu hành đối với trang thiết bị y tế thuộc loại C, D. | CU4: Mã số hiệu sản xuất nhóm sản phẩm. | CV4: Chủ sở hữu số lưu hành là tổ chức công bố tiêu chuẩn áp dụng đối với trang thiết bị y tế thuộc loại A, B hoặc tổ chức được cấp giấy chứng nhận đăng ký lưu hành đối với trang thiết bị y tế thuộc loại C, D. | CW4: Địa chỉ của cá nhân hoặc tổ chức sở hữu số đăng ký lưu hành thiết bị y tế | CX4: Thông số kỹ thuật của các loại tài sản khác đất với nhà | CY4: Người dùng chọn:Có hoặc Không nếu tài sản đang có hiện trạng sử dụng như này | CZ4: Người dùng chọn:Có hoặc Không nếu tài sản đang có hiện trạng sử dụng như này | DA4: Người dùng chọn:Có hoặc Không nếu tài sản đang có hiện trạng sử dụng như này | DB4: Người dùng chọn:Có hoặc Không nếu tài sản đang có hiện trạng sử dụng như này | DC4: Người dùng chọn:Có hoặc Không nếu tài sản đang có hiện trạng sử dụng như này | DD4: Người dùng chọn:Có hoặc Không nếu tài sản đang có hiện trạng sử dụng như này | DE4: Diện tích mà tài sản Nhà hoặc Đất được dùng làm trụ sở làm việc | DF4: Diện tích mà tài sản Nhà hoặc Đất được dùng làm cơ sở hoạt động sử nghiệp | DG4: Diện tích mà tài sản Nhà hoặc Đất được dùng làm kinh doanh | DH4: Diện tích mà tài sản Nhà hoặc Đất được dùng cho thuê | DI4: Diện tích mà tài sản Nhà hoặc Đất được dùng làm liên doanh, liên kết mất 100m2 thì người dùng chỉ cần nhập:100 | DJ4: Diện tích mà tài sản Nhà hoặc Đất được sử dụng hỗn hợp 100m2 thì người dùng chỉ cần nhập:100 | DK4: Diện tích mà tài sản Nhà hoặc Đất bị bỏ trống 100 m2 thì người dùng chỉ cần nhập:100 | DL4: Diện tích mà tài sản Nhà hoặc Đất được dùng làm nhà ở mất 200 m2 thì người dùng chỉ cần nhập:200 | DM4: Diện tích mà tài sản Nhà hoặc Đất bị lấn chiếm 100 m2 thì người dùng chỉ cần nhập:100 | DN4: Diện tích mà tài sản Nhà hoặc Đất được dùng làm với mục đích khác ví dụ:100 m2, thì người dùng chỉ cần nhập:100 | DO4: Tổng diện tích được tính từ các phần trước cộng vào | DP4: Người dùng sẽ chọn các mục đích của đất được sử dụng nhằm để làm gì. Ví dụ: Y tế, Giáo dục,… | DQ4: Thông tin giấy tờ số chứng nhận quyền sử dụng đất | DR4: Ngày CNQSDĐ người dùng sẽ nhập theo định dạng DD/MM/YYYY. Ví dụ ngày 31 tháng 3 năm 2024 thì sẽ điền là: 31/03/2024 | DS4: Thông tin giấy tờ, số quyết định giao đất | DT4: Ngày quyết định giao đất người dùng sẽ nhập theo định dạng DD/MM/YYYY. Ví dụ ngày 31 tháng 3 năm 2024 thì sẽ điền là: 31/03/2024 | DU4: Thông tin giấy tờ, số Hợp đồng chuyển nhượng quyền sử dụng đất | DV4: Ngày hợp đồng chuyển nhượng QSDĐ người dùng sẽ nhập theo định dạng DD/MM/YYYY. Ví dụ ngày 31 tháng 3 năm 2024 thì sẽ điền là: 31/03/2024 | DW4: Thông tin giấy tờ, số quyết định cho thuê đất | DX4: Ngày quyết định cho thuê đất người dùng sẽ nhập theo định dạng DD/MM/YYYY. Ví dụ ngày 31 tháng 3 năm 2024 thì sẽ điền là: 31/03/2024 | DY4: Thông tin giấy tờ về hợp đồng cho thuê đất | DZ4: Ngày hợp đồng cho thuê đất người dùng sẽ nhập theo định dạng DD/MM/YYYY. Ví dụ ngày 31 tháng 3 năm 2024 thì sẽ điền là: 31/03/2024 | EA4: Thông tin giấy tờ liên quan đến các thủ tục khác | EB4: Người dùng có thể chọn: Tính hao mòn, tính khấu hao, tính cả hai tùy vào mục đích | EC4: Ngày mua tài sản người dùng sẽ nhập theo định dạng DD/MM/YYYY. Ví dụ ngày 31 tháng 3 năm 2024 thì sẽ điền là: 31/03/2024 | ED4: Ngày bắt đầu sử dụng tài sản người dùng sẽ nhập theo định dạng DD/MM/YYYY. Ví dụ ngày 31 tháng 3 năm 2024 thì sẽ điền là: 31/03/2024 | EE4: Ngày bắt đầu ghi tăng tài sản người dùng sẽ nhập theo định dạng DD/MM/YYYY. Ví dụ ngày 31 tháng 3 năm 2024 thì sẽ điền là: 31/03/2024 | EF4: Ngày bắt đầu tính hao mòn đối với tài sản người dùng sẽ nhập theo định dạng DD/MM/YYYY. Ví dụ ngày 31 tháng 3 năm 2024 thì sẽ điền là: 31/03/2024 | EG4: Số năm sử dụng các tài sản cố định được quy định trong thông tư 23/2023/TT-BTC theo từng loại tài sản | EH4: Là phần trăm mức độ giảm giá trị theo năm do điều kiện tự nhiên, hoạt động vận hành,... | EI4: Ngày kết thúc tính hao mòn đối với tài sản người dùng sẽ nhập theo định dạng DD/MM/YYYY. Ví dụ ngày 31 tháng 3 năm 2024 thì sẽ điền là: 31/03/2024 | EJ4: Ngày bắt đầu trích khấu hao đối với tài sản người dùng sẽ nhập theo định dạng DD/MM/YYYY. Ví dụ ngày 31 tháng 3 năm 2024 thì sẽ điền là: 31/03/2024 | EK4: Loại kỳ trích khấu hao, Người dùng sẽ chọn: Tháng hoặc Năm | EL4: Số tháng được dùng để trích khấu hao | EM4: Số năm mà tài sản được trích khấu hao tối thiểu | EN4: Số năm mà tài sản được trích khấu hao tối đa | EO4: Tổng hao mòn và khấu hao đã tính đến trước thời điểm khai báo | EP4: Giá trị còn lại bằng nguyên giá trừ lũy kế
N5: Danh sách các nguồn hình thành:
N6: Nguồn NSNN cấp
N7: Ngân sách trung ương
N8: Ngân sách trung ương tự chủ
N9: Ngân sách trung ương không tự chủ
N10: Nguồn viện trợ, biếu tặng nhỏ lẻ, xã hội hóa
N11: Ngân sách Tỉnh
N12: Ngân sách Tỉnh tự chủ
N13: Ngân sách Tỉnh không tự chủ
N14: Ngân sách Huyện
N15: Ngân sách Huyện tự chủ
N16: Ngân sách Huyện không tự chủ
N17: Ngân sách Xã

Sheet AssetCategories
A1: 10_Quyền sử dụng đất | B1: 5 | C1: 10 | D1: 10 | E1: 10
A3: 9_Tài sản cố định hữu hình khác | B3: 5 | C3: 10 | D3: 10 | E3: 10
A5: 5_Xe ô tô | B5: 5 | C5: 10 | D5: 10 | E5: 10
A6: 42_Xe ô tô phục vụ công tác các chức danh | B6: 6 | C6: 10 | D6: 6.67 | E6: 15
A7: 45_Xe ô tô phục vụ công tác chung | B7: 6 | C7: 10 | D7: 6.67 | E7: 15
A8: 50_Xe ô tô chuyên dùng | B8: 6 | C8: 10 | D8: 6.67 | E8: 15
A9: 115_Xe ô tô phục vụ lễ tân nhà nước | B9: 6 | C9: 10 | D9: 6.67 | E9: 15
A10: 116_Xe ô tô khác | B10: 6 | C10: 10 | D10: 6.67 | E10: 15
A11: 43_Xe 4 đến 5 chỗ | B11: 6 | C11: 10 | D11: 6.67 | E11: 15
A12: 44_Xe 6 đến 8 chỗ | B12: 6 | C12: 10 | D12: 6.67 | E12: 15
A13: 46_Xe 4 đến 5 chỗ | B13: 6 | C13: 10 | D13: 6.67 | E13: 15
A14: 47_Xe 6 đến 8 chỗ | B14: 6 | C14: 10 | D14: 6.67 | E14: 15
... A80: 114_Xe khác phục vụ nhiệm vụ đặc thù | B80: 6 | C80: 10 | D80: 6.67 | E80: 15
A81: 217_Xe chở phạm nhân | D81: 6.67 | E81: 15
A83: 6_Phương tiện vận tải khác | B83: 5 | C83: 10 | D83: 10 | E83: 10
A84: 117_Phương tiện vận tải đường bộ | B84: 6 | C84: 10 | D84: 10 | E84: 10
A85: 118_Phương tiện vận tải đường sắt | B85: 7 | C85: 15 | D85: 10 | E85: 10
A86: 119_Phương tiện vận tải đường thủy | B86: 7 | C86: 15 | D86: 10 | E86: 10
A87: 129_Phương tiện vận tải hàng không | B87: 8 | C87: 20 | D87: 10 | E87: 10
A88: 130_Phương tiện vận tải khác | D88: 10 | E88: 10
A89: 120_Tàu biển chở hàng hóa | B89: 7 | C89: 15 | D89: 10 | E89: 10
A90: 121_Tàu biển chở khách | B90: 7 | C90: 15 | D90: 10 | E90: 10
A91: 122_Tàu tuần tra, cứu hộ, cứu nạn đường thủy | B91: 7 | C91: 15 | D91: 10 | E91: 10
A92: 123_Tàu chở hàng đường thủy nội địa | B92: 7 | C92: 15 | D92: 10 | E92: 10
A93: 124_Tàu chở khách đường thủy nội địa | B93: 7 | C93: 15 | D93: 10 | E93: 10
A94: 125_Phà đường thủy các loại | B94: 7 | C94: 15 | D94: 10 | E94: 10
A95: 126_Ca nô, xuồng máy các loại | B95: 7 | C95: 15 | D95: 10 | E95: 10
A96: 127_Ghe, thuyền các loại | B96: 7 | C96: 15 | D96: 10 | E96: 10
A97: 128_Phương tiện vận tải đường thủy khác | B97: 7 | C97: 15 | D97: 10 | E97: 10
A99: 8_Cây lâu năm, súc vật làm việc | B99: 5 | C99: 10 | D99: 10 | E99: 10
A100: 207_Các loại súc vật | B100: 4 | C100: 15 | D100: 12.5 | E100: 8
A101: 208_Cây lâu năm, vườn cây lâu năm (bao gồm cả vườn cây công nghiệp, vườn cây ăn quả, vườn cây cảnh) | B101: 6 | C101: 40 | D101: 4 | E101: 25
... A109: 38_Cấp IV | B109: 25 | C109: 50 | D109: 6.67 | E109: 15
A110: 233_Tài sản giả
A111: 220_Penhouse | B111: 15 | C111: 30 | D111: 10 | E111: 20
A113: 4_Vật kiến trúc | B113: 5 | C113: 10 | D113: 10 | E113: 10
A114: 39_Kho chứa, bể chứa, bãi đỗ, sân phơi, sân chơi, sân thể thao, bể bơi | B114: 5 | C114: 20 | D114: 5 | E114: 20
A115: 40_Giếng khoan, giếng đào, tường rào | B115: 6 | C115: 25 | D115: 10 | E115: 10
A116: 41_Các vật kiến trúc khác | B116: 6 | C116: 25 | D116: 10 | E116: 10
A118: 7_Máy móc, thiết bị | B118: 5 | C118: 10 | D118: 10 | E118: 10
A119: 131_Máy móc thiết bị văn phòng phổ biến
A120: 147_Máy móc, thiết bị phục vụ hoạt động chung của cơ quan, tổ chức, đơn vị
A121: 187_Máy móc, thiết bị chuyên dùng
A122: 206_Máy móc, thiết bị khác | D122: 12.5 | E122: 8
A123: 132_Máy vi tính để bàn | D123: 20 | E123: 5
A124: 133_Máy vi tính xách tay (hoặc thiết bị điện tử tương đương) | D124: 20 | E124: 5
A125: 134_Máy in | D125: 20 | E125: 5
A126: 135_Máy fax | D126: 20 | E126: 5
A127: 136_Tủ đựng tài liệu | D127: 20 | E127: 5
A128: 137_Máy scan | D128: 20 | E128: 5
A129: 138_Máy hủy tài liệu | D129: 20 | E129: 5
A130: 139_Máy photocopy | D130: 20 | E130: 5
A131: 140_Bộ bàn ghế ngồi làm việc trang bị cho các chức danh | D131: 12.5 | E131: 8
A132: 141_Bộ bàn ghế họp | D132: 12.5 | E132: 8
A133: 142_Bộ bàn ghế tiếp khách | D133: 12.5 | E133: 8
... A137: 146_Máy móc, thiết bị văn phòng phổ biến khác | D137: 20 | E137: 5
A138: 148_Máy móc, thiết bị phục vụ hoạt động chung của cơ quan, tổ chức, đơn vị cùng loại với máy móc, thiết bị văn phòng phổ biến
A139: 164_Máy móc, thiết bị khác phục vụ hoạt động chung của cơ quan, tổ chức, đơn vị
A140: 188_Máy móc, thiết bị chuyên dùng là máy móc, thiết bị cùng loại với máy móc, thiết bị văn phòng phổ biến, máy móc, thiết bị phục vụ hoạt động chung của cơ quan, tổ chức, đơn vị
A141: 204_Máy móc, thiết bị chuyên dùng thuộc lĩnh vực văn hóa, nghệ thuật (như: thiết bị âm thanh, ánh sáng, loa, micro, đèn...) | D141: 20 | E141: 5
A142: 205_Máy móc, thiết bị chuyên dùng khác | D142: 12.5 | E142: 8
A143: 149_Máy vi tính để bàn | D143: 20 | E143: 5
A144: 150_Máy vi tính xách tay (hoặc thiết bị điện tử tương đương) | D144: 20 | E144: 5
A145: 151_Máy in | D145: 20 | E145: 5
A146: 152_Máy fax | D146: 20 | E146: 5
A147: 153_Tủ đựng tài liệu | D147: 20 | E147: 5
A148: 154_Máy scan | D148: 20 | E148: 5
A149: 155_Máy hủy tài liệu | D149: 20 | E149: 5
A150: 156_Máy photocopy | D150: 20 | E150: 5
A151: 157_Bộ bàn ghế ngồi làm việc trang bị cho các chức danh | D151: 12.5 | E151: 8
A152: 158_Bộ bàn ghế họp | D152: 12.5 | E152: 8
... A194: 203_Máy móc, thiết bị văn phòng phổ biến khác | D194: 20 | E194: 5

Sheet Location
A2: 34_phòng ban 102 - viện quốc tế | B2: 31_phòng 411 | C2: 33_phòng ban 101 - viện quốc tế
A3: 37_phòng 202B- vđt QTế | B3: 32_phòng ban quốc tế 1 | C3: 36_phòng 201A- vđt quốc tế
B4: 35_phòng 201 - viện đào tạo quốc tế

Sheet Department
A1: STT_12_Phongbanso2Viendaotaoquocte1
A2: STT_8_VienDaotaoQuocteveKhoahocVatlieuITIMS
A3: STT_11_Phongbanso1Viendaotaoquocte

Sheet Units
A2: 48_bộ | B2: 43_bộ | C2: 23_bộ | D2: 28_bộ | E2: 38_bộ | F2: 10_chiếc | G2: 6_chiếc | H2: 33_bộ
A3: 49_căn | B3: 44_căn | C3: 24_căn | D3: 29_căn | E3: 39_căn | F3: 11_bộ | G3: 19_bộ | H3: 34_căn
A4: 50_mảnh | B4: 45_mảnh | C4: 25_mảnh | D4: 30_mảnh | E4: 40_mảnh | F4: 12_cái | G4: 20_căn | H4: 35_mảnh
A5: 51_cái | B5: 46_cái | C5: 26_cái | D5: 31_cái | E5: 41_cái | G5: 21_mảnh | H5: 36_cái

Sheet DocumentAttacks
A2: 11_Tài liệu số 06 | B2: 11_Tài liệu số 06 | C2: 11_Tài liệu số 06
A3: 12_Tài liệu số 07 | B3: 12_Tài liệu số 07 | C3: 12_Tài liệu số 07
A4: 16_QD121212 | B4: 16_QD121212 | C4: 16_QD121212

Sheet Projects
A1: 1_DA01
A2: 2_DA02
A3: 17_Dự án số 100
A4: 4_DA011
A5: 6_DA021
A6: 7_DA022
A7: 8_DA0111
A8: 9_DA0112
A9: 10_DA0211
A10: 11_DA0221
A11: 12_DA0121
A12: 14_DA0221
A13: 16_Dự án ABC

Sheet Provinces
A1: STT_01_HaNoi
A2: STT_02_HaGiang
A3: STT_04_CaoBang
A4: STT_06_BacKan
A5: STT_08_TuyenQuang
A6: STT_10_LaoCai
A7: STT_11_DienBien
A8: STT_12_LaiChau
A9: STT_14_SonLa
A10: STT_15_YenBai
A11: STT_17_HoaBinh
A12: STT_19_ThaiNguyen
... A63: STT_96_CaMau

Sheet Districts
A2: STT_338_QuynhPhu | B2: STT_584_BacAi | C2: STT_748_BaRia | D2: STT_705_TanBien | E2: STT_071_LamBinh | F2: STT_150_DaBac | G2: STT_689_DongXoai | H2: STT_761_12 | I2: STT_844_CangLong | J2: STT_476_PhongDien | K2: STT_359_VuBan | L2: STT_462_QuangTri | M2: STT_569_CamRanh | N2: STT_623_AnKhe | O2: STT_325_VanLam | P2: STT_095_MuongLay | Q2: STT_180_TrangDinh | R2: STT_106_TamDuong | S2: STT_026_DongVan | T2: STT_370_TamDiep | U2: STT_503_HoiAn | V2: STT_042_BaoLam | W2: STT_349_DuyTien | X2: STT_857_LongHo | Y2: STT_542_AnLao | Z2: STT_966_UMinh | AA2: STT_900_HaTien | AB2: STT_215_YenThe | AC2: STT_942_ChauThanh | AD2: STT_867_SaDec | AE2: STT_719_BauBang | AF2: STT_413_CuaLo | AG2: STT_258_YenPhong | AH2: STT_610_DakGlei | AI2: STT_795_KienTuong | AJ2: STT_304_NgoQuyen | AK2: STT_290_ChiLinh | AL2: STT_228_PhuTho | AM2: STT_673_BaoLoc | AN2: STT_437_HongLinh | AO2: STT_452_MinhHoa | AP2: STT_831_ChauThanh | AQ2: STT_557_SongCau | AR2: STT_956_HongDan | AS2: STT_082_BatXat | AT2: STT_244_PhucYen | AU2: STT_381_BimSon | AV2: STT_884_ChauDoc | AW2: STT_816_GoCong | AX2: STT_133_NghiaLo | AY2: STT_931_NgaBay | AZ2: STT_524_BinhSon | BA2: STT_661_DakGlong | BB2: STT_165_SongCong | BC2: STT_917_OMon | BD2: STT_594_LaGi | BE2: STT_002_HoanKiem | BF2: STT_118_QuynhNhai | BG2: STT_491_ThanhKhe | BH2: STT_194_MongCai | BI2: STT_644_BuonHo | BJ2: STT_060_PacNam | BK2: STT_732_LongKhanh
A3: STT_339_HungHa | B3: STT_585_NinhSon | C3: STT_750_ChauDuc | D3: STT_706_TanChau | E3: STT_072_NaHang | F3: STT_152_LuongSon | G3: STT_690_BinhLong | H3: STT_764_GoVap | I3: STT_845_CauKe | J3: STT_477_QuangDien | K3: STT_360_YYen | L3: STT_464_VinhLinh | M3: STT_570_CamLam | N3: STT_624_AyunPa | O3: STT_326_VanGiang | P3: STT_096_MuongNhe | Q3: STT_181_BinhGia | R3: STT_107_MuongTe | S3: STT_027_MeoVac | T3: STT_372_NhoQuan | U3: STT_504_TayGiang | V3: STT_043_BaoLac | W3: STT_350_KimBang | X3: STT_858_MangThit | Y3: STT_543_HoaiNhon | Z3: STT_967_ThoiBinh | AA3: STT_902_KienLuong | AB3: STT_216_TanYen | AC3: STT_943_KeSach | AD3: STT_868_HongNgu | AE3: STT_720_DauTieng | AF3: STT_414_ThaiHoa | AG3: STT_259_QueVo | AH3: STT_611_NgocHoi | AI3: STT_796_TanHung | AJ3: STT_305_LeChan | AK3: STT_291_NamSach | AL3: STT_230_DoanHung | AM3: STT_674_DamRong | AN3: STT_439_HuongSon | AO3: STT_453_TuyenHoa | AP3: STT_832_ChoLach | AQ3: STT_558_DongXuan | AR3: STT_957_PhuocLong | AS3: STT_083_MuongKhuong | AT3: STT_246_LapThach | AU3: STT_382_SamSon | AV3: STT_886_AnPhu | AW3: STT_817_CaiLay | AX3: STT_135_LucYen | AY3: STT_932_ChauThanhA | AZ3: STT_525_TraBong | BA3: STT_662_CuJut | BB3: STT_167_DinhHoa | BC3: STT_918_BinhThuy | BD3: STT_595_TuyPhong | BE3: STT_003_TayHo | BF3: STT_119_ThuanChau | BG3: STT_492_HaiChau | BH3: STT_195_CamPha | BI3: STT_645_EaHleo | BJ3: STT_061_BaBe | BK3: STT_734_TanPhu
A4: STT_340_DongHung | B4: STT_586_NinhHai | C4: STT_751_XuyenMoc | D4: STT_707_DuongMinhChau | E4: STT_073_ChiemHoa | F4: STT_153_KimBoi | G4: STT_691_BuGiaMap | H4: STT_765_BinhThanh | I4: STT_846_TieuCan | J4: STT_478_PhuVang | K4: STT_361_NghiaHung | L4: STT_465_HuongHoa | M4: STT_571_VanNinh | N4: STT_625_KBang | O4: STT_327_YenMy | P4: STT_097_MuongCha | Q4: STT_182_VanLang | R4: STT_108_SinHo | S4: STT_028_YenMinh | T4: STT_373_GiaVien | U4: STT_505_DongGiang | V4: STT_045_HaQuang | W4: STT_351_ThanhLiem | X4: STT_859_VungLiem | Y4: STT_544_HoaiAn | Z4: STT_968_TranVanThoi | AA4: STT_903_HonDat | AB4: STT_217_LangGiang | AC4: STT_944_MyTu | AD4: STT_869_TanHong | AE4: STT_721_BenCat | AF4: STT_415_QuePhong | AG4: STT_260_TienDu | AH4: STT_612_DakTo | AI4: STT_797_VinhHung | AJ4: STT_306_HaiAn | AK4: STT_292_KinhMon | AL4: STT_231_HaHoa | AM4: STT_675_LacDuong | AN4: STT_440_DucTho | AO4: STT_454_QuangTrach | AP4: STT_833_MoCayNam | AQ4: STT_559_TuyAn | AR4: STT_958_VinhLoi | AS4: STT_084_SiMaCai | AT4: STT_247_TamDuong | AU4: STT_384_MuongLat | AV4: STT_887_TanChau | AW4: STT_818_TanPhuoc | AX4: STT_136_VanYen | AY4: STT_933_ChauThanh | AZ4: STT_527_SonTinh | BA4: STT_663_DakMil | BB4: STT_168_PhuLuong | BC4: STT_919_CaiRang | BD4: STT_596_BacBinh | BE4: STT_004_LongBien | BF4: STT_120_MuongLa | BG4: STT_493_SonTra | BH4: STT_196_UongBi | BI4: STT_646_EaSup | BJ4: STT_062_NganSon | BK4: STT_735_VinhCuu
A5: STT_341_ThaiThuy | B5: STT_587_NinhPhuoc | C5: STT_752_LongDien | D5: STT_708_ChauThanh | E5: STT_074_HamYen | F5: STT_154_CaoPhong | G5: STT_692_LocNinh | H5: STT_766_TanBinh | I5: STT_847_ChauThanh | J5: STT_479_HuongThuy | K5: STT_362_NamTruc | L5: STT_466_GioLinh | M5: STT_572_NinhHoa | N5: STT_626_DakDoa | O5: STT_328_MyHao | P5: STT_098_TuaChua | Q5: STT_183_CaoLoc | R5: STT_109_PhongTho | S5: STT_029_QuanBa | T5: STT_374_HoaLu | U5: STT_506_DaiLoc | V5: STT_047_TrungKhanh | W5: STT_352_BinhLuc | X5: STT_860_TamBinh | Y5: STT_545_PhuMy | Z5: STT_969_CaiNuoc | AA5: STT_904_TanHiep | AB5: STT_218_LucNam | AC5: STT_945_CuLaoDung | AD5: STT_870_HongNgu | AE5: STT_722_PhuGiao | AF5: STT_416_QuyChau | AG5: STT_261_TuSon | AH5: STT_613_KonPlong | AI5: STT_798_MocHoa | AJ5: STT_307_KienAn | AK5: STT_293_KimThanh | AL5: STT_232_ThanhBa | AM5: STT_676_LamHa | AN5: STT_441_VuQuang | AO5: STT_455_BoTrach | AP5: STT_834_GiongTrom | AQ5: STT_560_SonHoa | AR5: STT_959_GiaRai | AS5: STT_085_BacHa | AT5: STT_248_TamDao | AU5: STT_385_QuanHoa | AV5: STT_888_PhuTan | AW5: STT_819_CaiBe | AX5: STT_137_MuCangChai | AY5: STT_934_PhungHiep | AZ5: STT_528_TuNghia | BA5: STT_664_KrongNo | BB5: STT_169_DongHy | BC5: STT_923_ThotNot | BD5: STT_597_HamThuanBac | BE5: STT_005_CauGiay | BF5: STT_121_BacYen | BG5: STT_494_NguHanhSon | BH5: STT_198_BinhLieu | BI5: STT_647_BuonDon | BJ5: STT_063_BachThong | BK5: STT_736_DinhQuan
A6: STT_342_TienHai | B6: STT_588_ThuanBac | C6: STT_753_DatDo | D6: STT_709_HoaThanh | E6: STT_075_YenSon | F6: STT_155_TanLac | G6: STT_693_BuDop | H6: STT_767_TanPhu | I6: STT_848_CauNgang | J6: STT_480_HuongTra | K6: STT_363_TrucNinh | L6: STT_467_DaKrong | M6: STT_573_KhanhVinh | N6: STT_627_ChuPah | O6: STT_329_AnThi | P6: STT_099_TuanGiao | Q6: STT_184_VanQuan | R6: STT_110_ThanUyen | S6: STT_030_ViXuyen | T6: STT_375_YenKhanh | U6: STT_507_DienBan | V6: STT_048_HaLang | W6: STT_353_LyNhan | X6: STT_861_BinhMinh | Y6: STT_546_VinhThanh | Z6: STT_970_DamDoi | AA6: STT_905_ChauThanh | AB6: STT_219_LucNgan | AC6: STT_946_LongPhu | AD6: STT_871_TamNong | AE6: STT_723_TanUyen | AF6: STT_417_KySon | AG6: STT_262_ThuanThanh | AH6: STT_614_KonRay | AI6: STT_799_TanThanh | AJ6: STT_308_DoSon | AK6: STT_294_ThanhHa | AL6: STT_233_PhuNinh | AM6: STT_677_DonDuong | AN6: STT_442_NghiXuan | AO6: STT_456_QuangNinh | AP6: STT_835_BinhDai | AQ6: STT_561_SongHinh | AR6: STT_960_DongHai | AS6: STT_086_BaoThang | AT6: STT_249_BinhXuyen | AU6: STT_386_BaThuoc | AV6: STT_889_ChauPhu | AW6: STT_820_CaiLay | AX6: STT_138_TranYen | AY6: STT_935_ViThuy | AZ6: STT_529_SonHa | BA6: STT_665_DakSong | BB6: STT_170_VoNhai | BC6: STT_924_VinhThanh | BD6: STT_598_HamThuanNam | BE6: STT_006_DongDa | BF6: STT_122_PhuYen | BG6: STT_495_CamLe | BH6: STT_199_TienYen | BI6: STT_648_CuMgar | BJ6: STT_064_ChoDon | BK6: STT_737_TrangBom
A7: STT_343_KienXuong | B7: STT_589_ThuanNam | C7: STT_754_PhuMy | D7: STT_710_GoDau | E7: STT_076_SonDuong | F7: STT_156_MaiChau | G7: STT_694_HonQuan | H7: STT_768_PhuNhuan | I7: STT_849_TraCu | J7: STT_481_ALuoi | K7: STT_364_XuanTruong | L7: STT_468_CamLo | M7: STT_574_DienKhanh | N7: STT_628_IaGrai | O7: STT_330_KhoaiChau | P7: STT_100_DienBien | Q7: STT_185_BacSon | R7: STT_111_TanUyen | S7: STT_031_BacMe | T7: STT_376_KimSon | U7: STT_508_DuyXuyen | V7: STT_049_QuangHoa | X7: STT_862_TraOn | Y7: STT_547_TaySon | Z7: STT_971_NamCan | AA7: STT_906_GiongRieng | AB7: STT_220_SonDong | AC7: STT_947_MyXuyen | AD7: STT_872_ThapMuoi | AE7: STT_724_DiAn | AF7: STT_418_TuongDuong | AG7: STT_263_GiaBinh | AH7: STT_615_DakHa | AI7: STT_800_ThanhHoa | AJ7: STT_309_DuongKinh | AK7: STT_295_CamGiang | AL7: STT_234_YenLap | AM7: STT_678_DucTrong | AN7: STT_443_CanLoc | AO7: STT_457_LeThuy | AP7: STT_836_BaTri | AQ7: STT_562_TayHoa | AR7: STT_961_HoaBinh | AS7: STT_087_BaoYen | AT7: STT_251_YenLac | AU7: STT_387_QuanSon | AV7: STT_890_TinhBien | AW7: STT_821_ChauThanh | AX7: STT_139_TramTau | AY7: STT_936_LongMy | AZ7: STT_530_SonTay | BA7: STT_666_DakRLap | BB7: STT_171_DaiTu | BC7: STT_925_CoDo | BD7: STT_599_TanhLinh | BE7: STT_007_HaiBaTrung | BF7: STT_123_MocChau | BG7: STT_497_HoaVang | BH7: STT_200_DamHa | BI7: STT_649_KrongBuk | BJ7: STT_065_ChoMoi | BK7: STT_738_ThongNhat
A8: STT_344_VuThu | D8: STT_711_BenCau | F8: STT_157_LacSon | G8: STT_695_DongPhu | H8: STT_769_ThuDuc | I8: STT_850_DuyenHai | J8: STT_482_PhuLoc | K8: STT_365_GiaoThuy | L8: STT_469_TrieuPhong | M8: STT_575_KhanhSon | N8: STT_629_MangYang | O8: STT_331_KimDong | P8: STT_101_DienBienDong | Q8: STT_186_HuuLung | R8: STT_112_NamNhun | S8: STT_032_HoangSuPhi | T8: STT_377_YenMo | U8: STT_509_QueSon | V8: STT_051_HoaAn | X8: STT_863_BinhTan | Y8: STT_548_PhuCat | Z8: STT_972_PhuTan | AA8: STT_907_GoQuao | AB8: STT_221_YenDung | AC8: STT_948_NgaNam | AD8: STT_873_CaoLanh | AE8: STT_725_ThuanAn | AF8: STT_419_NghiaDan | AG8: STT_264_LuongTai | AH8: STT_616_SaThay | AI8: STT_801_DucHue | AJ8: STT_311_ThuyNguyen | AK8: STT_296_BinhGiang | AL8: STT_235_CamKhe | AM8: STT_679_DiLinh | AN8: STT_444_HuongKhe | AO8: STT_458_BaDon | AP8: STT_837_ThanhPhu | AQ8: STT_563_PhuHoa | AS8: STT_088_SaPa | AT8: STT_252_VinhTuong | AU8: STT_388_LangChanh | AV8: STT_891_TriTon | AW8: STT_822_ChoGao | AX8: STT_140_VanChan | AY8: STT_937_LongMy | AZ8: STT_531_MinhLong | BA8: STT_667_TuyDuc | BB8: STT_172_PhoYen | BC8: STT_926_PhongDien | BD8: STT_600_DucLinh | BE8: STT_008_HoangMai | BF8: STT_124_YenChau | BH8: STT_201_HaiHa | BI8: STT_650_KrongNang | BJ8: STT_066_NaRi | BK8: STT_739_CamMy
D9: STT_712_TrangBang | F9: STT_158_YenThuy | G9: STT_696_BuDang | H9: STT_770_3 | I9: STT_851_DuyenHai | J9: STT_483_NamDong | K9: STT_366_HaiHau | L9: STT_470_HaiLang | M9: STT_576_TruongSa | N9: STT_630_KongChro | O9: STT_332_TienLu | P9: STT_102_Muongng | Q9: STT_187_ChiLang | S9: STT_033_XinMan | U9: STT_510_NamGiang | V9: STT_052_NguyenBinh | Y9: STT_549_AnNhon | Z9: STT_973_NgocHien | AA9: STT_908_AnBien | AB9: STT_222_VietYen | AC9: STT_949_ThanhTri | AD9: STT_874_ThanhBinh | AE9: STT_726_BacTanUyen | AF9: STT_420_QuyHop | AH9: STT_617_TuMoRong | AI9: STT_802_DucHoa | AJ9: STT_312_AnDuong | AK9: STT_297_GiaLoc | AL9: STT_236_TamNong | AM9: STT_680_BaoLam | AN9: STT_445_ThachHa | AP9: STT_838_MoCayBac | AQ9: STT_564_DongHoa | AS9: STT_089_VanBan | AT9: STT_253_SongLo | AU9: STT_389_NgocLac | AV9: STT_892_ChauThanh | AW9: STT_823_GoCongTay | AX9: STT_141_YenBinh | AZ9: STT_532_NghiaHanh | BB9: STT_173_PhuBinh | BC9: STT_927_ThoiLai | BD9: STT_601_HamTan | BE9: STT_009_ThanhXuan | BF9: STT_125_MaiSon | BH9: STT_202_BaChe | BI9: STT_651_EaKar | BK9: STT_740_LongThanh
F10: STT_159_LacThuy | G10: STT_697_ChonThanh | H10: STT_771_10 | N10: STT_631_DucCo | O10: STT_333_PhuCu | P10: STT_103_NamPo | Q10: STT_188_LocBinh | S10: STT_034_BacQuang | U10: STT_511_PhuocSon | V10: STT_053_ThachAn | Y10: STT_550_TuyPhuoc | AA10: STT_909_AnMinh | AB10: STT_223_HiepHoa | AC10: STT_950_VinhChau | AD10: STT_875_LapVo | AF10: STT_421_QuynhLuu | AH10: STT_618_IaHDrai | AI10: STT_803_BenLuc | AJ10: STT_313_AnLao | AK10: STT_298_TuKy | AL10: STT_237_LamThao | AM10: STT_681_DaHuoai | AN10: STT_446_CamXuyen | AU10: STT_390_CamThuy | AV10: STT_893_ChoMoi | AW10: STT_824_GoCongDong | AZ10: STT_533_MoDuc | BD10: STT_602_PhuQui | BE10: STT_016_SocSon | BF10: STT_126_SongMa | BH10: STT_203_VanDon | BI10: STT_652_MDrak | BK10: STT_741_XuanLoc
G11: STT_698_PhuRieng | H11: STT_772_11 | N11: STT_632_ChuProng | Q11: STT_189_DinhLap | S11: STT_035_QuangBinh | U11: STT_512_HiepDuc | Y11: STT_551_VanCanh | AA11: STT_910_VinhThuan | AC11: STT_951_TranDe | AD11: STT_876_LaiVung | AF11: STT_422_ConCuong | AI11: STT_804_ThuThua | AJ11: STT_314_KienThuy | AK11: STT_299_NinhGiang | AL11: STT_238_ThanhSon | AM11: STT_682_DaTeh | AN11: STT_447_KyAnh | AU11: STT_391_ThachThanh | AV11: STT_894_ThoaiSon | AW11: STT_825_TanPhuDong | AZ11: STT_534_DucPho | BE11: STT_017_DongAnh | BF11: STT_127_SopCop | BH11: STT_205_DongTrieu | BI11: STT_653_KrongBong | BK11: STT_742_NhonTrach
H12: STT_773_4 | N12: STT_633_ChuSe | U12: STT_513_ThangBinh | AA12: STT_911_PhuQuoc | AD12: STT_877_ChauThanh | AF12: STT_423_TanKy | AI12: STT_805_TanTru | AJ12: STT_315_TienLang | AK12: STT_300_ThanhMien | AL12: STT_239_ThanhThuy | AM12: STT_683_CatTien | AN12: STT_448_LocHa | AU12: STT_392_HaTrung | AZ12: STT_535_BaTo | BE12: STT_018_GiaLam | BF12: STT_128_VanHo | BH12: STT_206_QuangYen | BI12: STT_654_KrongPac
H13: STT_774_5 | N13: STT_634_DakPo | U13: STT_514_TienPhuoc | AA13: STT_912_KienHai | AF13: STT_424_AnhSon | AI13: STT_806_CanDuoc | AJ13: STT_316_VinhBao | AL13: STT_240_TanSon | AN13: STT_449_KyAnh | AU13: STT_393_VinhLoc | BE13: STT_019_NamTuLiem | BH13: STT_207_CoTo | BI13: STT_655_KrongANa
H14: STT_775_6 | N14: STT_635_IaPa | U14: STT_515_BacTraMy | AA14: STT_913_UMinhThuong | AF14: STT_425_DienChau | AI14: STT_807_CanGiuoc | AJ14: STT_317_CatHai | AU14: STT_394_YenDinh | BE14: STT_020_ThanhTri | BI14: STT_656_Lak
H15: STT_776_8 | N15: STT_637_KrongPa | U15: STT_516_NamTraMy | AA15: STT_914_GiangThanh | AF15: STT_426_YenThanh | AI15: STT_808_ChauThanh | AU15: STT_395_ThoXuan | BE15: STT_021_BacTuLiem | BI15: STT_657_CuKuin
H16: STT_777_BinhTan | N16: STT_638_PhuThien | U16: STT_517_NuiThanh | AF16: STT_427_DoLuong | AU16: STT_396_ThuongXuan | BE16: STT_250_MeLinh
H17: STT_778_7 | N17: STT_639_ChuPuh | U17: STT_518_PhuNinh | AF17: STT_428_ThanhChuong | AU17: STT_397_TrieuSon | BE17: STT_268_HaDong
H18: STT_783_CuChi | U18: STT_519_NongSon | AF18: STT_429_NghiLoc | AU18: STT_398_ThieuHoa | BE18: STT_269_SonTay
H19: STT_784_HocMon | AF19: STT_430_NamDan | AU19: STT_399_HoangHoa | BE19: STT_271_BaVi
H20: STT_785_BinhChanh | AF20: STT_431_HungNguyen | AU20: STT_400_HauLoc | BE20: STT_272_PhucTho
H21: STT_786_NhaBe | AF21: STT_432_HoangMai | AU21: STT_401_NgaSon | BE21: STT_273_DanPhuong
H22: STT_787_CanGio | AU22: STT_402_NhuXuan | BE22: STT_274_HoaiDuc
AU23: STT_403_NhuThanh | BE23: STT_275_QuocOai
AU24: STT_404_NongCong | BE24: STT_276_ThachThat
AU25: STT_405_DongSon | BE25: STT_277_ChuongMy
AU26: STT_406_QuangXuong | BE26: STT_278_ThanhOai
AU27: STT_407_NghiSon | BE27: STT_279_ThuongTin
BE28: STT_280_PhuXuyen
BE29: STT_281_UngHoa
BE30: STT_282_MyDuc

Sheet Wards
A2: STT_17230_BinhChuan | B2: STT_31225_TrungThanh | C2: STT_11332_MayTo | D2: STT_26872_13 | E2: STT_06070_VinhYen | F2: STT_20794_BinhDuong | G2: STT_08233_PhuMy | H2: STT_25243_BinhTan | I2: STT_05539_LinhThong | J2: STT_05974_TamThanh | K2: STT_11429_LamHa | L2: STT_19060_QuangLong | M2: STT_25588_HaoDuoc | N2: STT_17830_NghiVan | O2: STT_25324_AnLoc | P2: STT_28213_BinhQuoi | Q2: STT_11083_DaiSon | R2: STT_03322_ThanhNua | S2: STT_10546_PhaLai | T2: STT_18073_NamHa | U2: STT_17716_CatVan | V2: STT_27598_PhamVanHai | W2: STT_30592_AnHoa | X2: STT_06712_TranPhu | Y2: STT_20857_TienSon | Z2: STT_10273_PhuXuyen | AA2: STT_06925_QuangDuc | AB2: STT_31345_TanHoa | AC2: STT_03061_VoLao | AD2: STT_19358_AnDon | AE2: STT_11371_AnBien | AF2: STT_14833_BacSon | AG2: STT_11758_DaiThang | AH2: STT_00004_TrucBach | AI2: STT_28804_TanThach | AJ2: STT_09499_AnThinh | AK2: STT_13504_BinhNghia | AL2: STT_00160_NghiaTan | AM2: STT_00715_LungCu | AN2: STT_23537_IaDom | AO2: STT_30079_GaoGiong | AP2: STT_11953_HienNam | AQ2: STT_29545_5 | AR2: STT_05092_BinhThanh | AS2: STT_18676_ThienCam | AT2: STT_20503_DaiSon | AU2: STT_32155_TaAnKhuong | AV2: STT_17101_QuynhThang | AW2: STT_22612_KhanhHiep | AX2: STT_24079_IaRSai | AY2: STT_03649_ToHieu | AZ2: STT_09079_KimXa | BA2: STT_19366_BenQuan | BB2: STT_24541_CuEWi | BC2: STT_13894_RangDong | BD2: STT_12475_AnKhe | BE2: STT_12436_BoXuyen | BF2: STT_22084_DaLoc | BG2: STT_18235_QuangVinh | BH2: STT_22972_PhanRiCua | BI2: STT_14029_PhuongDinh | BJ2: STT_14467_GiaHoa | BK2: STT_02242_XuanLap | BL2: STT_14848_TamChung | BM2: STT_05134_SuoiHoa | BN2: STT_10816_HongLac | BO2: STT_18904_DanHoa | BP2: STT_01891_BanhTrach | BQ2: STT_02305_TrungHa | BR2: STT_28039_LongThanh | BS2: STT_18136_TaySon | BT2: STT_24376_EaKnop | BU2: STT_28987_PhongNam | BV2: STT_06328_LongDong | BW2: STT_29955_AnThanh | BX2: STT_26074_XuanThanh | BY2: STT_29053_TamHiep | BZ2: STT_24556_DraySap | CA2: STT_27046_05 | CB2: STT_21013_TranPhu | CC2: STT_11584_LeThien | CD2: STT_21238_SongVe | CE2: STT_16720_NghiTan | CF2: STT_07891_VanCo | CG2: STT_20230_ThuanPhuoc | CH2: STT_31501_7 | CI2: STT_14530_NinhGiang | CJ2: STT_04228_PungBanh | CK2: STT_23275_LongHai | CL2: STT_25129_AnNhon | CM2: STT_26428_XuanBac | CN2: STT_25633_HiepTan | CO2: STT_03259_PhinhSang | CP2: STT_25217_LongThuy | CQ2: STT_29500_DonChau | CR2: STT_29771_ThanhPhuoc | CS2: STT_19684_HaiAn | CT2: STT_06616_NTThaiBinh | CU2: STT_29662_TanQuoiTrung | CV2: STT_11695_DongPhuong | CW2: STT_12976_DongTra | CX2: STT_26473_LongTan | CY2: STT_00346_ThuongDinh | CZ2: STT_25780_MinhHoa | DA2: STT_13078_TraGiang | DB2: STT_23194_DucTai | DC2: STT_28300_1 | DD2: STT_28901_HungKhanhTrungA | DE2: STT_29113_TanMy | DF2: STT_12691_DoLuong | DG2: STT_26209_ThanhSon | DH2: STT_18355_XuanHoi | DI2: STT_11458_HaiSon | DJ2: STT_04930_YenBinh | DK2: STT_28324_TanHoaDong | DL2: STT_24718_DakMol | DM2: STT_04459_HoBon | DN2: STT_23641_KonPne | DO2: STT_31267_ThoiThanh | DP2: STT_26575_NgaiGiao | DQ2: STT_23860_IaDok | DR2: STT_26908_11 | DS2: STT_30631_MyLuong | DT2: STT_00772_ThuongPhung | DU2: STT_25819_CayTruongII | DV2: STT_25966_LaiThieu | DW2: STT_00643_TanTrieu | DX2: STT_08776_QuangYen | DY2: STT_09322_PhuLam | DZ2: STT_02020_BangLung | EA2: STT_14092_XuanChau | EB2: STT_11161_UngHoe | EC2: STT_05767_PhucLuong | ED2: STT_13324_HoaMac | EE2: STT_20938_TraDon | EF2: STT_16942_NghiaMai | EG2: STT_23232_PhuocLoc | EH2: STT_23284_DuyTan | EI2: STT_08440_HienQuan | EJ2: STT_03859_PhiengBan | EK2: STT_21640_BongSon | EL2: STT_24620_QuangHoa | EM2: STT_25489_TanLap | EN2: STT_08056_DaiPham | EO2: STT_31081_AnThoi | EP2: STT_25837_ChanhPhuHoa | EQ2: STT_22330_VinhHai | ER2: STT_04501_TanDong | ES2: STT_07306_NhaNam | ET2: STT_07195_DongTien | EU2: STT_20440_GaRi | EV2: STT_29626_MyPhuoc | EW2: STT_05719_SangMoc | EX2: STT_31369_DongThanh | EY2: STT_31472_TraLong | EZ2: STT_27667_BinhKhanh | FA2: STT_32236_TanAnTay | FB2: STT_26623_PhuocThuan | FC2: STT_23407_DakNa | FD2: STT_26251_ThanhBinh | FE2: STT_12022_XuanQuan | FF2: STT_04063_ChiengDong | FG2: STT_31642_SongPhung | FH2: STT_09250_VietThong | FI2: STT_20725_PhuocXuan | FJ2: STT_03394_ThenSin | FK2: STT_04627_NTTranPhu | FL2: STT_25309_HungPhuoc | FM2: STT_16780_ChauBinh | FN2: STT_32068_BienBach | FO2: STT_08293_MyLung | FP2: STT_30769_DongHo | FQ2: STT_09895_QuocOai | FR2: STT_31757_HungLoi | FS2: STT_22492_DaiLanh | FT2: STT_23680_HaDong | FU2: STT_23008_PhanSon | FV2: STT_22741_PhuocMy | FW2: STT_29905_1 | FX2: STT_18760_KyBac | FY2: STT_22897_PhuocNam | FZ2: STT_29419_MyLong | GA2: STT_24214_IaLop | GB2: STT_01861_NhanMon | GC2: STT_21352_LongMai | GD2: STT_22786_PhuocHoa | GE2: STT_30853_TanHoi | GF2: STT_23888_IaKly | GG2: STT_32098_SongDoc | GH2: STT_17107_QuynhLoc | GI2: STT_31618_AnThanh1 | GJ2: STT_09457_VanNinh | GK2: STT_04792_TanHoa | GL2: STT_22210_EaLam | GM2: STT_31673_TranDe | GN2: STT_04378_LangThip | GO2: STT_05911_BanDat | GP2: STT_17509_MaThanh | GQ2: STT_06811_ThanhSon | GR2: STT_31120_AnHoa | GS2: STT_14872_ThanhSon | GT2: STT_15775_ThieuNgoc | GU2: STT_30955_VinhHoaHungBac | GV2: STT_26797_BinhChieu | GW2: STT_10444_DongTam | GX2: STT_01099_NanXin | GY2: STT_25330_AnKhuong | GZ2: STT_27469_TanThuanTay | HA2: STT_21292_SonHa | HB2: STT_09370_TamSon | HC2: STT_21442_PhoAn | HD2: STT_24259_QuangPhu | HE2: STT_02539_TrungYen | HF2: STT_28654_DongSon | HG2: STT_10018_XuanMai | HH2: STT_32194_HamRong | HI2: STT_08344_TienLuong | HJ2: STT_19432_LaoBao | HK2: STT_29377_DaLoc | HL2: STT_27211_05 | HM2: STT_06898_QuangLam | HN2: STT_24856_DaLong | HO2: STT_25198_TanDong | HP2: STT_09787_TrungChau | HQ2: STT_20110_LangCo | HR2: STT_05269_QuyHoa | HS2: STT_31444_ViTrung | HT2: STT_02434_LucHanh | HU2: STT_20296_HoaLien | HV2: STT_32047_KhanhHoa | HW2: STT_25366_ThuanLoi | HX2: STT_00622_XuanPhuong | HY2: STT_12283_NghiaDan | HZ2: STT_21787_VinhSon | IA2: STT_21811_BinhTan | IB2: STT_18316_AnPhu | IC2: STT_24046_ChuAThai | ID2: STT_20668_NinhPhuoc | IE2: STT_21178_TinhTra | IF2: STT_28111_LongTrach | IG2: STT_11686_HungDao | IH2: STT_03286_MuongDang | II2: STT_14563_KhanhTien | IJ2: STT_15190_VanDu | IK2: STT_06997_DaiXuyen | IL2: STT_14812_BaDinh | IM2: STT_29515_LongToan | IN2: STT_09835_DucThuong | IO2: STT_06652_HaPhong | IP2: STT_23427_DakRoNga | IQ2: STT_00823_ThangMo | IR2: STT_06187_CaoLoc | IS2: STT_23797_Ayun | IT2: STT_26551_PhuocHiep | IU2: STT_25891_TanPhuocKhanh | IV2: STT_03811_NamGion | IW2: STT_25519_TanHa | IX2: STT_11917_CatHai | IY2: STT_21997_CanhLien | IZ2: STT_31189_HungPhu | JA2: STT_16447_QuangTrach | JB2: STT_23503_DakPXi | JC2: STT_26767_ThanhLoc | JD2: STT_23530_RoKoi | JE2: STT_32214_PhuThuan | JF2: STT_02842_LungCai | JG2: STT_24739_DakBukSo | JH2: STT_19558_MoO | JI2: STT_06466_ChiLang | JJ2: STT_24184_EaHleo | JK2: STT_01156_VinhTuy | JL2: STT_08563_SonHung | JM2: STT_30211_TanDuong | JN2: STT_16093_NgaSon | JO2: STT_28441_MyThanhBac | JP2: STT_11008_ThongNhat | JQ2: STT_22737_SongTuTay | JR2: STT_13288_LuongKhanhThien | JS2: STT_21367_HanhThuan | JT2: STT_22813_LamSon | JU2: STT_24238_EaHuar | JV2: STT_31169_TraAn | JW2: STT_06865_HaLau | JX2: STT_29866_1 | JY2: STT_08156_VanLinh | JZ2: STT_03387_TanPhong | KA2: STT_29344_CauQuan | KB2: STT_00094_NhatTan | KC2: STT_00877_BatDaiSon | KD2: STT_27760_HungDienA | KE2: STT_24643_DakWil | KF2: STT_27439_BinhHungHoaA | KG2: STT_31321_III | KH2: STT_19204_TruongSon | KI2: STT_01291_DucHanh | KJ2: STT_31484_ThuanHoa | KK2: STT_03724_PhongLai | KL2: STT_04252_YenNinh | KM2: STT_21690_AnHaoTay | KN2: STT_02686_AMuSung | KO2: STT_06127_TrungKhanh | KP2: STT_30907_ThanhHung | KQ2: STT_10753_LaiVu | KR2: STT_25057_LocBao | KS2: STT_04006_SongKhua | KT2: STT_24847_DaChais | KU2: STT_00985_GiapTrung | KV2: STT_03982_NTMocChau | KW2: STT_06973_ThanhSon | KX2: STT_00691_TranPhu | KY2: STT_15403_YenLam | KZ2: STT_02227_SinhLong | LA2: STT_22018_8 | LB2: STT_30340_KhanhAn | LC2: STT_32002_4 | LD2: STT_05392_ChiNe | LE2: STT_23560_DienHong | LF2: STT_15499_ThoXuan | LG2: STT_32130_ThanhPhu | LH2: STT_22846_VinhHai | LI2: STT_23113_MyThanh | LJ2: STT_22246_HoaHiepBac | LK2: STT_20338_PhuocHoa | LL2: STT_24871_DinhVan | LM2: STT_29929_TanHoCo | LN2: STT_19627_TrieuAn | LO2: STT_28757_PhuTan | LP2: STT_19249_KienGiang | LQ2: STT_27646_PhuocKien | LR2: STT_31846_NinhQuoi | LS2: STT_04303_YenThe | LT2: STT_31690_DaiTam | LU2: STT_25861_AnLinh | LV2: STT_27688_2 | LW2: STT_22114_ChiThanh | LX2: STT_25744_PhuLoi | LY2: STT_31975_LongDienDong | LZ2: STT_03901_SuoiTo | MA2: STT_22168_PhuocTan | MB2: STT_27166_13 | MC2: STT_03002_SaPa | MD2: STT_19333_1 | ME2: STT_01939_ThuongAn | MF2: STT_20266_NaiHienDong | MG2: STT_29824_XuanHiep | MH2: STT_23395_BoY | MI2: STT_07525_Chu | MJ2: STT_22306_HoaQuangNam | MK2: STT_27304_09 | ML2: STT_25711_DonThuan | MM2: STT_19966_ThuyThanh | MN2: STT_22250_SonThanhDong | MO2: STT_20698_Laee | MP2: STT_20305_HoaPhat | MQ2: STT_19600_CamTuyen | MR2: STT_31060_VinhBinhBac | MS2: STT_03205_NaSon | MT2: STT_22918_HamTien | MU2: STT_25657_ThanhDuc | MV2: STT_25684_LongChu | MW2: STT_27994_ThanhLoi | MX2: STT_00118_NgocThuy | MY2: STT_27901_MyQuyDong | MZ2: STT_28252_4 | NA2: STT_02905_PhoLu | NB2: STT_24667_DakLao | NC2: STT_30793_VinhDieu | ND2: STT_18415_ThienLoc | NE2: STT_18565_NgocSon | NF2: STT_24745_QuangTin | NG2: STT_06388_HuuLien | NH2: STT_30377_LongHung | NI2: STT_00040_DongXuan | NJ2: STT_05200_MaiChau | NK2: STT_16816_MyLy | NL2: STT_18952_HuongHoa | NM2: STT_14218_Con | NN2: STT_10678_BachDang | NO2: STT_23062_PhuLong | NP2: STT_07450_DongHung | NQ2: STT_20164_HuongPhu | NR2: STT_22654_DienLam | NS2: STT_19870_QuangThai | NT2: STT_27013_TayThanh | NU2: STT_01837_SongCau | NV2: STT_02641_LaoCai | NW2: STT_03151_NaLay | NX2: STT_09403_HoaiThuong | NY2: STT_26662_LongHai | NZ2: STT_28436_2 | OA2: STT_27724_HungHa | OB2: STT_04108_ChiengSung | OC2: STT_24961_HiepAn | OD2: STT_31915_MinhDieu | OE2: STT_24346_DLieYa | OF2: STT_25398_Duong10 | OG2: STT_28522_TanHoiDong | OH2: STT_14386_XichTho | OI2: STT_28162_PhuocLy | OJ2: STT_29185_PhuKhanh | OK2: STT_01576_QuangUyen | OL2: STT_01657_DanChu | OM2: STT_29311_HoaAn | ON2: STT_31897_VinhHungA | OO2: STT_18412_HongLoc | OP2: STT_18781_KyNinh | OQ2: STT_23944_IaTiem | OR2: STT_07945_PhongChau | OS2: STT_29254_7 | OT2: STT_25162_TienHoang | OU2: STT_07135_DongMai | OV2: STT_26508_ThangTam | OW2: STT_27934_HiepHoa | OX2: STT_15034_YenThang | OY2: STT_24493_KRongBuk | OZ2: STT_30316_ChauPhuB | PA2: STT_10186_NinhSo | PB2: STT_31341_LaiHieu | PC2: STT_10951_VinhHung | PD2: STT_12106_PhanDinhPhung | PE2: STT_03436_ThuLum | PF2: STT_07204_TranNguyenHan | PG2: STT_30172_MyAnHungA | PH2: STT_26332_XuanQue | PI2: STT_23344_DakBlo | PJ2: STT_24691_DakSor | PK2: STT_27802_BinhThanh | PL2: STT_09625_PhuCuong | PM2: STT_22717_ThanhSon | PN2: STT_27349_13 | PO2: STT_00598_LienMac | PP2: STT_21118_TraGiang | PQ2: STT_12208_DongTao | PR2: STT_03490_HuoiLuong | PS2: STT_16381_DongHoang | PT2: STT_16666_HaHuyTap | PU2: STT_25225_DakO | PV2: STT_28930_DinhThuy | PW2: STT_20285_KhueMy | PX2: STT_01324_CocPang | PY2: STT_31396_CayDuong | PZ2: STT_01975_ViHuong | QA2: STT_03601_MuongKhoa | QB2: STT_09166_DapCau | QC2: STT_08497_TienKien | QD2: STT_26707_TanHoa | QE2: STT_08764_QuangSon | QF2: STT_09028_DongCuong | QG2: STT_30040_ThanhLoi | QH2: STT_31870_VinhPhuDong | QI2: STT_04717_ThacBa | QJ2: STT_31154_ThoiHoa | QK2: STT_25897_BinhMy | QL2: STT_00706_PhuLinh | QM2: STT_24415_CuPrao | QN2: STT_05434_QuangVinh | QO2: STT_15610_YenNhan | QP2: STT_24817_LocTien | QQ2: STT_27499_PhuMyHung | QR2: STT_20470_TaLu | QS2: STT_11473_MinhDuc | QT2: STT_20365_TamThanh | QU2: STT_30883_MongThoA | QV2: STT_14998_TrungThuong | QW2: STT_30409_ChoVam | QX2: STT_14365_TrungSon | QY2: STT_07072_DongTrieu | QZ2: STT_19822_DienHuong | RA2: STT_16879_MaiSon | RB2: STT_27391_02 | RC2: STT_17619_GiangSonDong | RD2: STT_25459_3 | RE2: STT_09196_DungLiet | RF2: STT_19496_CuaViet | RG2: STT_21610_AnHung | RH2: STT_25433_ThanhTam | RI2: STT_01270_SongBang | RJ2: STT_30685_PhuHoa | RK2: STT_08710_LienBao | RL2: STT_26683_PhuocLongTho | RM2: STT_09541_MoLao | RN2: STT_13972_NamDien | RO2: STT_06841_HoanhMo | RP2: STT_21910_DapDa | RQ2: STT_12055_GiaiPham | RR2: STT_24931_ThanhMy | RS2: STT_31945_HoPhong | RT2: STT_30988_TayYen | RU2: STT_19912_PhuAn | RV2: STT_10510_BinhHan | RW2: STT_30247_AnHiep | RX2: STT_05356_LacSy | RY2: STT_03220_HuoiSo | RZ2: STT_12832_ThuyTruong | SA2: STT_31015_ThanhYenA | SB2: STT_20900_TraSon | SC2: STT_22438_CamHoa | SD2: STT_16015_DongLoc | SE2: STT_31786_HoaDong | SF2: STT_28363_HauMyBacB | SG2: STT_24310_ChuKBo | SH2: STT_13195_HongLy | SI2: STT_12340_HungDao | SJ2: STT_07975_HungXuyen | SK2: STT_24016_ChuRang | SL2: STT_03460_HuaBun | SM2: STT_20206_ThanhKheTay | SN2: STT_31735_2 | SO2: STT_31210_ThoiThuan | SP2: STT_02203_MinhXuan | SQ2: STT_11411_DongHai2 | SR2: STT_25099_MaDaGuoi | SS2: STT_30547_BaChuc | ST2: STT_08548_ThachKiet | SU2: STT_22531_NinhSon | SV2: STT_02803_ThaoChuPhin | SW2: STT_30502_NhaBang | SX2: STT_15274_HaLong | SY2: STT_27868_TanHiep | SZ2: STT_16177_BaiTranh | TA2: STT_22840_CongHai | TB2: STT_27130_12 | TC2: STT_30004_HoaBinh | TD2: STT_11827_DungTien | TE2: STT_01789_CanhTan | TF2: STT_31111_LaiSon | TG2: STT_28693_TanPhu | TH2: STT_20602_DuyThu | TI2: STT_24583_YangTao | TJ2: STT_24612_NghiaThanh | TK2: STT_03685_CaNang | TL2: STT_13450_LiemPhong | TM2: STT_27829_BacHoa | TN2: STT_28873_PhuPhung | TO2: STT_28597_TrungHoa | TP2: STT_30283_MyLong | TQ2: STT_05662_TraiCau | TR2: STT_15871_HoangGiang | TS2: STT_08872_HoangHoa | TT2: STT_06763_CuaOng | TU2: STT_31021_ThuanHoa | TV2: STT_12145_Phung | TW2: STT_21856_CatSon | TX2: STT_25555_SuoiDa | TY2: STT_20401_TanAn | TZ2: STT_05857_BacSon | UA2: STT_08911_HopChau | UB2: STT_09718_VanHa | UC2: STT_24121_TanHoa | UD2: STT_23482_DakKoi | UE2: STT_29962_ThuongThoiHauA | UF2: STT_07816_ThanhVan | UG2: STT_11242_ThanhTung | UH2: STT_17392_DienLam | UI2: STT_12394_MinhTan | UJ2: STT_15667_ThoSon | UK2: STT_11632_BatTrang | UL2: STT_08936_GiaKhanh | UM2: STT_31579_LongHung | UN2: STT_26383_AnPhuoc | UO2: STT_10120_CuKhe | UP2: STT_26302_GiaTan2 | UQ2: STT_06256_TranNinh | UR2: STT_00379_BacSon | US2: STT_02950_TanTien | UT2: STT_07762_VietTien | UU2: STT_22873_PhuocSon | UV2: STT_16564_HaiChau | UW2: STT_04588_TucDan | UX2: STT_14704_KhanhThuong | UY2: STT_00457_XuanNon | UZ2: STT_20047_HongVan | VA2: STT_27787_1 | VB2: STT_29776_TanThanh | VC2: STT_21955_DieuTri | VD2: STT_23767_IaSao | VE2: STT_05998_KhanhLong | VF2: STT_07682_TanAn | VG2: STT_03618_PhucThan | VH2: STT_04984_DuSang | VI2: STT_01453_TriPhuong | VJ2: STT_02140_VanLang | VK2: STT_10891_LaiCach | VL2: STT_27562_TanHiep | VM2: STT_21334_SonMua | VN2: STT_31531_AnLacThon | VO2: STT_11299_HungVuong | VP2: STT_20195_HoaHiepNam | VQ2: STT_29578_DongPhu | VR2: STT_03487_ChanNua | VS2: STT_04834_NanhNghe | VT2: STT_12589_DiepNong | VU2: STT_24042_HoaBinh | VV2: STT_31300_NhonAi | VW2: STT_31570_HoDacKien | VX2: STT_22052_XuanLam | VY2: STT_10357_VienAn | VZ2: STT_28078_TanBinh | WA2: STT_18118_NamHong | WB2: STT_23971_IaHru | WC2: STT_29722_TanLoc | WD2: STT_14758_DongTho | WE2: STT_05509_ChauSon | WF2: STT_24772_8 | WG2: STT_30820_SocSon | WH2: STT_02089_TanSon | WI2: STT_16741_ThongThu | WJ2: STT_17038_YenHop | WK2: STT_11989_LacDao | WL2: STT_06529_LocBinh | WM2: STT_24451_DangKang | WN2: STT_04285_TrungTam | WO2: STT_23992_AnThanh | WP2: STT_16993_QuangPhong | WQ2: STT_23236_TanNghia | WR2: STT_16282_TanPhuc | WS2: STT_19753_ThuanLoc | WT2: STT_30790_KienBinh | WU2: STT_19114_NTVietTrung | WV2: STT_13387_NguyenUy | WW2: STT_00304_VinhHung | WX2: STT_14155_GiaoHuong | WY2: STT_15133_CamThanh | WZ2: STT_23617_TaySon | XA2: STT_13801_TrungNghia | XB2: STT_26968_04 | XC2: STT_15064_LamSon | XD2: STT_22411_CamPhucBac | XE2: STT_01729_TinhTuc | XF2: STT_13657_TruongThi | XG2: STT_19015_QuangKim | XH2: STT_21487_BaDien | XI2: STT_25003_DinhTrangThuong | XJ2: STT_20761_HiepThuan | XK2: STT_23725_HaTay | XL2: STT_26119_DakLua | XM2: STT_01366_CanYen | XN2: STT_26737_DaKao | XO2: STT_28705_TangHoa | XP2: STT_30133_TanQuoi | XQ2: STT_04942_LamSon | XR2: STT_00529_YenThuong | XS2: STT_26173_PhuLy | XT2: STT_07246_CanhNau | XU2: STT_25945_TanBinh | XV2: STT_31231_ThanhAn | XW2: STT_03165_PaTan | XX2: STT_21403_DucLoi | XY2: STT_17935_NamNghia | XZ2: STT_23827_ChuKrey | YA2: STT_20644_QueXuan1 | YB2: STT_21553_NhonPhu | YC2: STT_25996_TanPhong | YD2: STT_17332_ThoSon | YE2: STT_04171_BoSinh | YF2: STT_23455_DakRing | YG2: STT_01225_TienNguyen | YH2: STT_27262_09 | YI2: STT_16231_CanKhe | YJ2: STT_01024_BanMay | YK2: STT_08665_ThachDong | YL2: STT_08737_HungVuong | YM2: STT_09577_PhuThinh | YN2: STT_20005_HuongToan | YO2: STT_05611_Du | YP2: STT_02755_TaNgaiCho | YQ2: STT_20968_TamXuanI | YR2: STT_07378_NghiaHoa | YS2: STT_18856_DongPhu | YT2: STT_14623_BinhMinh | YU2: STT_14926_DienThuong | YV2: STT_29269_MyCam | YW2: STT_18499_DienMy | YX2: STT_29462_DinhAn | YY2: STT_17269_TanHop | YZ2: STT_03155_SenThuong | ZA2: STT_07616_TayYenTu | ZB2: STT_14323_TanThanh | ZC2: STT_18004_HungTrung | ZD2: STT_00181_VanMieu | ZE2: STT_15352_VinhQuang | ZF2: STT_23152_BacRuong | ZG2: STT_03127_HimLam | ZH2: STT_03178_XaTong | ZI2: STT_13570_NguyenLy | ZJ2: STT_24308_AnBinh | ZK2: STT_21733_BinhDuong | ZL2: STT_25273_LocHoa | ZM2: STT_30466_KhanhHoa | ZN2: STT_30733_VinhThanh | ZO2: STT_02377_YenThuan | ZP2: STT_10609_NamHung | ZQ2: STT_01537_LyQuoc | ZR2: STT_31816_3 | ZS2: STT_08974_DaiThinh | ZT2: STT_20554_DienTien | ZU2: STT_00244_BachDang | ZV2: STT_13747_HienKhanh | ZW2: STT_21043_BinhThuan
A3: STT_17233_LangKhe | B3: STT_31249_ThanhPhu | C3: STT_11335_VanMy | D3: STT_26875_17 | E3: STT_06073_HoaTham | F3: STT_20797_BinhGiang | G3: STT_08234_LeMy | H3: STT_25244_BinhSon | I3: STT_05542_LamVy | J3: STT_05977_VinhTrai | K3: STT_11431_DongHoa | L3: STT_19066_QuangTho | M3: STT_25591_PhuocVinh | N3: STT_17833_NghiYen | O3: STT_25325_PhuThinh | P3: STT_28216_HoaPhu | Q3: STT_11086_HungDao | R3: STT_03323_HuaThanh | S3: STT_10549_SaoDo | T3: STT_18076_BacHa | U3: STT_17719_ThanhNho | V3: STT_27601_VinhLocA | W3: STT_30595_CanDang | X3: STT_06715_NinhDuong | Y3: STT_20860_TienHa | Z3: STT_10276_HongMinh | AA3: STT_06928_QuangSon | AB3: STT_31346_BayNgan | AC3: STT_03064_SonThuy | AD3: STT_19360_2 | AE3: STT_11374_LamSon | AF3: STT_14836_TruongSon | AG3: STT_11761_TienCuong | AH3: STT_00006_VinhPhuc | AI3: STT_28807_QuoiSon | AJ3: STT_09502_TrungKenh | AK3: STT_13510_TrangAn | AL3: STT_00163_MaiDich | AM3: STT_00718_MaLe | AN3: STT_23538_IaToi | AO3: STT_30082_PhuongThinh | AP3: STT_11956_AnTao | AQ3: STT_29548_1 | AR3: STT_05095_ThungNai | AS3: STT_18679_YenHoa | AT3: STT_20506_DaiLanh | AU3: STT_32158_TaAnKhuongDong | AV3: STT_17119_QuynhTan | AW3: STT_22615_KhanhBinh | AX3: STT_24082_IaRSuom | AY3: STT_03652_QuyetThang | AZ3: STT_09082_YenBinh | BA3: STT_19369_VinhThai | BB3: STT_24544_EaKtur | BC3: STT_13900_DongThinh | BD3: STT_12478_AnDong | BE3: STT_12439_DeTham | BF3: STT_22087_PhuMo | BG3: STT_18241_TungChau | BH3: STT_22975_PhanDung | BI3: STT_14032_TrucChinh | BJ3: STT_14470_GiaHung | BK3: STT_02251_KhuonHa | BL3: STT_14854_MuongLy | BM3: STT_05137_PhuVinh | BN3: STT_10819_VietHong | BO3: STT_18907_TrongHoa | BP3: STT_01894_PhucLoc | BQ3: STT_02308_TanMy | BR3: STT_28042_TanThanh | BS3: STT_18139_SonHong | BT3: STT_24379_EaSo | BU3: STT_28993_MyThanh | BV3: STT_06331_VanThuy | BW3: STT_29959_BinhThanh | BX3: STT_26077_XuanBinh | BY3: STT_29056_LongDinh | BZ3: STT_24559_EaNa | CA3: STT_27049_09 | CB3: STT_21016_QuangPhu | CC3: STT_11587_DaiBan | CD3: STT_21241_NghiaLam | CE3: STT_16723_ThuThuy | CF3: STT_07894_NongTrang | CG3: STT_20233_ThachThang | CH3: STT_31504_8 | CI3: STT_14533_TruongYen | CJ3: STT_04231_SopCop | CK3: STT_23278_TamThanh | CL3: STT_25132_QuocOai | CM3: STT_26431_SuoiCao | CN3: STT_25636_LongThanhBac | CO3: STT_03260_RangDong | CP3: STT_25219_PhuocBinh | CQ3: STT_29513_LongThanh | CR3: STT_29806_ThuanAn | CS3: STT_19687_HaiBa | CT3: STT_06619_BacXa | CU3: STT_29665_QuoiThien | CV3: STT_11698_ThuanThien | CW3: STT_12979_DongLong | CX3: STT_26476_DaiPhuoc | CY3: STT_00349_KhuongTrung | CZ3: STT_25783_MinhThanh | DA3: STT_13081_QuocTuan | DB3: STT_23197_DaKai | DC3: STT_28306_5 | DD3: STT_28906_ThanhTan | DE3: STT_29116_MyHoa | DF3: STT_12694_DongPhuong | DG3: STT_26212_PhuTan | DH3: STT_18358_DanTruong | DI3: STT_11461_VanHuong | DJ3: STT_04936_TienXuan | DK3: STT_28327_ThanhTan | DL3: STT_24719_DakHoa | DM3: STT_04462_NamCo | DN3: STT_23644_DakRoong | DO3: STT_31268_TanThanh | DP3: STT_26578_BinhBa | DQ3: STT_23863_IaKrel | DR3: STT_26911_27 | DS3: STT_30634_KienAn | DT3: STT_00775_PaiLung | DU3: STT_25822_LaiUyen | DV3: STT_25969_BinhChuan | DW3: STT_00646_ThanhLiet | DX3: STT_08779_BachLuu | DY3: STT_09328_NoiDue | DZ3: STT_02023_XuanLac | EA3: STT_14095_XuanHong | EB3: STT_11164_NghiaAn | EC3: STT_05770_MinhTien | ED3: STT_13327_MocBac | EE3: STT_20941_TraTap | EF3: STT_16945_NghiaYen | EG3: STT_23234_TanThien | EH3: STT_23287_QuyetThang | EI3: STT_08443_BacSon | EJ3: STT_03862_HangChu | EK3: STT_21643_HoaiSon | EL3: STT_24622_DakHa | EM3: STT_25492_ThanhBac | EN3: STT_08062_DanThuong | EO3: STT_31084_CuaCan | EP3: STT_25840_AnDien | EQ3: STT_22333_VinhPhuoc | ER3: STT_04504_BaoDap | ES3: STT_07309_TanTrung | ET3: STT_07198_ThanhLan | EU3: STT_20443_AXan | EV3: STT_29629_AnPhuoc | EW3: STT_05722_NghinhTuong | EX3: STT_31375_DongPhu | EY3: STT_31473_BinhThanh | EZ3: STT_27670_TamThonHiep | FA3: STT_32239_VienAnDong | FB3: STT_26626_PhuocTan | FC3: STT_23410_MangRi | FD3: STT_26254_CayGao | FE3: STT_12025_CuuCao | FF3: STT_04066_SapVat | FG3: STT_31645_DaiNgai | FH3: STT_09253_DaiXuan | FI3: STT_20728_PhuocHiep | FJ3: STT_03400_TaLeng | FK3: STT_04630_TuLe | FL3: STT_25310_PhuocThien | FM3: STT_16783_ChauThuan | FN3: STT_32069_TanBang | FO3: STT_08296_MyLuong | FP3: STT_30772_BinhSan | FQ3: STT_09898_SaiSon | FR3: STT_31759_LamTan | FS3: STT_22495_VanPhuoc | FT3: STT_23683_DakSomei | FU3: STT_23011_PhanLam | FV3: STT_22744_BaoAn | FW3: STT_29908_4 | FX3: STT_18763_KyPhu | FY3: STT_22898_PhuocNinh | FZ3: STT_29422_MyLongBac | GA3: STT_24215_IaJLoi | GB3: STT_01864_BocBo | GC3: STT_21355_ThanhAn | GD3: STT_22789_PhuocTan | GE3: STT_30856_TanThanh | GF3: STT_23890_BinhGiao | GG3: STT_32101_KhanhBinhTayBac | GH3: STT_17110_QuynhThien | GI3: STT_31621_AnThanhTay | GJ3: STT_09460_ThaiBao | GK3: STT_04795_ThinhLang | GL3: STT_22213_DucBinhTay | GM3: STT_31675_LieuTu | GN3: STT_04381_LamGiang | GO3: STT_05917_TanKhanh | GP3: STT_17510_TienThanh | GQ3: STT_06814_BacSon | GR3: STT_31123_ThoiBinh | GS3: STT_14875_TrungSon | GT3: STT_15778_ThieuVu | GU3: STT_30958_DinhHoa | GV3: STT_26800_LinhTrung | GW3: STT_10447_ThuongLam | GX3: STT_01102_BanDiu | GY3: STT_25339_AnPhu | GZ3: STT_27472_TanKieng | HA3: STT_21295_SonThanh | HB3: STT_09373_HuongMac | HC3: STT_21445_PhoPhong | HD3: STT_24262_QuangTien | HE3: STT_02542_MinhThanh | HF3: STT_28657_BinhPhu | HG3: STT_10021_PhungChau | HH3: STT_32197_HiepTung | HI3: STT_08347_TuyLoc | HJ3: STT_19435_HuongLap | HK3: STT_29380_MyChanh | HL3: STT_27214_14 | HM3: STT_06901_QuangAn | HN3: STT_24859_DaMRong | HO3: STT_25201_TanBinh | HP3: STT_09790_ThoAn | HQ3: STT_20113_VinhMy | HR3: STT_05272_MienDoi | HS3: STT_31447_ViThuy | HT3: STT_02437_KienThiet | HU3: STT_20299_HoaNinh | HV3: STT_32048_KhanhThuan | HW3: STT_25369_DongTam | HX3: STT_00623_PhuongCanh | HY3: STT_12286_ToanThang | HZ3: STT_21790_VinhKim | IA3: STT_21814_TayThuan | IB3: STT_18319_DucGiang | IC3: STT_24048_AyunHa | ID3: STT_20669_PhuocNinh | IE3: STT_21181_TinhPhong | IF3: STT_28114_LongKhe | IG3: STT_11689_AnhDung | IH3: STT_03287_NgoiCay | II3: STT_14566_KhanhPhu | IJ3: STT_15196_ThachLam | IK3: STT_07000_BinhDan | IL3: STT_14815_LamSon | IM3: STT_29516_2 | IN3: STT_09838_MinhKhai | IO3: STT_06655_HaKhau | IP3: STT_23428_NgokTu | IQ3: STT_00826_PhuLung | IR3: STT_06190_BaoLam | IS3: STT_23798_DakJoTa | IT3: STT_26554_PhuocNguyen | IU3: STT_25912_VinhTan | IV3: STT_03814_ChiengLao | IW3: STT_25522_TanDong | IX3: STT_11920_NghiaLo | IY3: STT_22000_CanhHiep | IZ3: STT_31192_HungThanh | JA3: STT_16453_QuangDuc | JB3: STT_23504_DakLong | JC3: STT_26770_HiepThanh | JD3: STT_23533_SaNhon | JE3: STT_32215_PhuMy | JF3: STT_02848_LungPhinh | JG3: STT_24740_QuangTam | JH3: STT_19561_HuongHiep | JI3: STT_06469_VanAn | JJ3: STT_24187_EaSol | JK3: STT_01159_TanLap | JL3: STT_08572_DichQua | JM3: STT_30214_HoaThanh | JN3: STT_16096_BaDinh | JO3: STT_28444_PhuCuong | JP3: STT_11020_YetKieu | JQ3: STT_22739_SinhTon | JR3: STT_13291_LeHongPhong | JS3: STT_21370_HanhDung | JT3: STT_22816_LuongSon | JU3: STT_24241_EaWer | JV3: STT_31171_TraNoc | JW3: STT_06868_DaiDuc | JX3: STT_29869_2 | JY3: STT_08158_DongLinh | JZ3: STT_03388_QuyetTien | KA3: STT_29347_PhuCan | KB3: STT_00097_TuLien | KC3: STT_00880_NghiaThuan | KD3: STT_27763_KhanhHung | KE3: STT_24646_EaPo | KF3: STT_27442_BinhHungHoaB | KG3: STT_31324_IV | KH3: STT_19207_LuongNinh | KI3: STT_01294_LyBon | KJ3: STT_31486_VinhThuanDong | KK3: STT_03727_Muonge | KL3: STT_04255_MinhTan | KM3: STT_21691_AnHaoDong | KN3: STT_02689_NamChac | KO3: STT_06133_BacLa | KP3: STT_30910_ThanhPhuoc | KQ3: STT_10756_CongHoa | KR3: STT_25060_LocLam | KS3: STT_04009_LienHoa | KT3: STT_24848_DaNhim | KU3: STT_00988_YenDinh | KV3: STT_03985_ChiengSon | KW3: STT_06976_ThanhLam | KX3: STT_00692_NgocHa | KY3: STT_15406_YenTam | KZ3: STT_02230_ThuongGiap | LA3: STT_22021_2 | LB3: STT_30341_LongBinh | LC3: STT_32005_1 | LD3: STT_05395_PhuNghia | LE3: STT_23563_IaKring | LF3: STT_15502_BacLuong | LG3: STT_32131_LuongTheTran | LH3: STT_22852_PhuongHai | LI3: STT_23116_HamCan | LJ3: STT_22258_HoaVinh | LK3: STT_20341_AnMy | LL3: STT_24880_PhuSon | LM3: STT_29932_ThongBinh | LN3: STT_19630_TrieuVan | LO3: STT_28759_8 | LP3: STT_19252_HongThuy | LQ3: STT_27649_PhuocLoc | LR3: STT_31849_NinhQuoiA | LS3: STT_04306_TanPhuong | LT3: STT_31693_ThamDon | LU3: STT_25864_PhuocSang | LV3: STT_27691_4 | LW3: STT_22120_AnNinhTay | LX3: STT_25747_PhuCuong | LY3: STT_31978_LongDienDongA | LZ3: STT_03904_MuongThai | MA3: STT_22171_SonHoi | MB3: STT_27169_14 | MC3: STT_03003_OQuyHo | MD3: STT_19336_DongLe | ME3: STT_01942_BangVan | MF3: STT_20269_ManThai | MG3: STT_29827_NhonBinh | MH3: STT_23398_SaLoong | MI3: STT_07528_CamSon | MJ3: STT_22309_HoaHoi | MK3: STT_27307_03 | ML3: STT_25714_HungThuan | MM3: STT_19969_ThuyDuong | MN3: STT_22252_HoaBinh1 | MO3: STT_20699_ChoChun | MP3: STT_20306_HoaAn | MQ3: STT_19603_ThanhAn | MR3: STT_31063_VinhBinhNam | MS3: STT_03208_PhiNhu | MT3: STT_22921_PhuHai | MU3: STT_25660_CamGiang | MV3: STT_25687_LongPhuoc | MW3: STT_27997_LuongBinh | MX3: STT_00121_GiangBien | MY3: STT_27904_MyThanhBac | MZ3: STT_28255_7 | NA3: STT_02908_TangLoong | NB3: STT_24670_DakRLa | NC3: STT_30796_TanKhanhHoa | ND3: STT_18418_ThuanThien | NE3: STT_18571_ThachHai | NF3: STT_24750_DakWer | NG3: STT_06391_YenBinh | NH3: STT_30378_LongChau | NI3: STT_00043_HangMa | NJ3: STT_05206_SonThuy | NK3: STT_16819_BacLy | NL3: STT_18955_KimHoa | NM3: STT_14221_ThinhLong | NN3: STT_10681_ThatHung | NO3: STT_23065_LaDa | NP3: STT_07453_DongPhu | NQ3: STT_20167_HuongSon | NR3: STT_22657_DienDien | NS3: STT_19873_QuangNgan | NT3: STT_27016_SonKy | NU3: STT_01840_DucXuan | NV3: STT_02644_CocLeu | NW3: STT_03184_LayNua | NX3: STT_09406_DaiDongThanh | NY3: STT_26665_AnNgai | NZ3: STT_28437_3 | OA3: STT_27727_HungDienB | OB3: STT_04111_MuongBang | OC3: STT_24964_LienHiep | OD3: STT_31918_VinhBinh | OE3: STT_24349_EaToh | OF3: STT_25399_DakNhau | OG3: STT_28525_TanHuong | OH3: STT_14389_GiaLam | OI3: STT_28165_LongThuong | OJ3: STT_29188_DaiDien | OK3: STT_01579_PhiHai | OL3: STT_01660_NamTuan | OM3: STT_29314_ChauDien | ON3: STT_31900_ChauHung | OO3: STT_18421_ThinhLoc | OP3: STT_18796_KyLoi | OQ3: STT_23945_ChuPong | OR3: STT_07948_AuCo | OS3: STT_29257_8 | OT3: STT_25165_PhuocCat2 | OU3: STT_07138_MinhThanh | OV3: STT_26509_2 | OW3: STT_27937_DucHoa | OX3: STT_15037_TriNang | OY3: STT_24496_EaKly | OZ3: STT_30319_ChauPhuA | PA3: STT_10189_NhiKhe | PB3: STT_31343_HiepThanh | PC3: STT_10954_HungThang | PD3: STT_12109_CamXa | PE3: STT_03439_KaLang | PF3: STT_07207_NgoQuyen | PG3: STT_30175_TanMy | PH3: STT_26335_NhanNghia | PI3: STT_23347_DakMan | PJ3: STT_24692_NamXuan | PK3: STT_27808_BinhHoaTrung | PL3: STT_09628_CoDo | PM3: STT_22720_SonLam | PN3: STT_27352_09 | PO3: STT_00601_DongNgac | PP3: STT_21121_TraThuy | PQ3: STT_12211_BinhMinh | PR3: STT_03549_PhongTho | PS3: STT_16384_DongNinh | PT3: STT_16669_LeLoi | PU3: STT_25228_DucHanh | PV3: STT_28939_DaPhuocHoi | PW3: STT_20287_HoaQuy | PX3: STT_01327_ThuongHa | PY3: STT_31399_TanBinh | PZ3: STT_01978_SiBinh | QA3: STT_03602_PhucKhoa | QB3: STT_09169_ThiCau | QC3: STT_08498_HungSon | QD3: STT_26710_TanHai | QE3: STT_08767_NgocMy | QF3: STT_09031_DongVan | QG3: STT_30043_HungThanh | QH3: STT_31873_VinhPhuTay | QI3: STT_04720_XuanLong | QJ3: STT_31156_ThoiLong | QK3: STT_25900_TanBinh | QL3: STT_00709_KimLinh | QM3: STT_24418_EaPil | QN3: STT_05437_TucDuyen | QO3: STT_15619_XuanLe | QP3: STT_24820_2 | QQ3: STT_27502_AnPhu | QR3: STT_20473_SongKon | QS3: STT_11476_LaiXuan | QT3: STT_20368_TamAn | QU3: STT_30886_MongThoB | QV3: STT_14999_TrungTien | QW3: STT_30415_LongHoa | QX3: STT_14368_NamSon | QY3: STT_07075_AnSinh | QZ3: STT_19825_DienMon | RA3: STT_16882_NhonMai | RB3: STT_27394_01 | RC3: STT_17620_GiangSonTay | RD3: STT_25462_4 | RE3: STT_09199_TamDa | RF3: STT_19498_TrungGiang | RG3: STT_21613_AnTrung | RH3: STT_25435_MinhLap | RI3: STT_01273_HopGiang | RJ3: STT_30688_OcEo | RK3: STT_08713_HoiHop | RL3: STT_26686_PhuocHoi | RM3: STT_09542_VanQuan | RN3: STT_13975_NghiaAn | RO3: STT_06844_DongTam | RP3: STT_21913_NhonMy | RQ3: STT_12058_NghiaHiep | RR3: STT_24934_LacXuan | RS3: STT_31948_PhongThanhDong | RT3: STT_30991_TayYenA | RU3: STT_19915_PhuHai | RV3: STT_10513_NgocChau | RW3: STT_30250_AnNhon | RX3: STT_05362_LacLuong | RY3: STT_03223_XinChai | RZ3: STT_12841_HongDung | SA3: STT_31027_AnMinhBac | SB3: STT_20902_TraKot | SC3: STT_22441_CamHaiDong | SD3: STT_16018_DaiLoc | SE3: STT_31789_KhanhHoa | SF3: STT_28366_HauMyBacA | SG3: STT_24313_CuPong | SH3: STT_13198_DongThanh | SI3: STT_12343_NgoQuyen | SJ3: STT_07981_BangLuan | SK3: STT_24019_IaKDam | SL3: STT_03472_MuongMo | SM3: STT_20207_ThanhKheDong | SN3: STT_31738_VinhQuoi | SO3: STT_31212_ThuanAn | SP3: STT_02206_TanQuang | SQ3: STT_11413_DangLam | SR3: STT_25105_HaLam | SS3: STT_30550_LacQuoi | ST3: STT_08551_ThuNgac | SU3: STT_22534_NinhTay | SV3: STT_02806_BanMe | SW3: STT_30505_ChiLang | SX3: STT_15277_HaVinh | SY3: STT_27871_ThuanBinh | SZ3: STT_16180_XuanHoa | TA3: STT_22843_PhuocKhang | TB3: STT_27133_11 | TC3: STT_30007_TanCongSinh | TD3: STT_11830_GiangBien | TE3: STT_01792_KimDong | TF3: STT_31114_AnSon | TG3: STT_28696_PhuThanh | TH3: STT_20605_DuyPhu | TI3: STT_24586_BongKrang | TJ3: STT_24614_NghiaPhu | TK3: STT_03688_ChiengKhay | TL3: STT_13453_ThanhHa | TM3: STT_27832_HauThanhTay | TN3: STT_28876_SonDinh | TO3: STT_28600_HoaTinh | TP3: STT_30285_DongXuyen | TQ3: STT_05665_VanLang | TR3: STT_15877_HoangXuan | TS3: STT_08875_DongTinh | TT3: STT_06766_CamSon | TU3: STT_31024_DongHoa | TV3: STT_12148_BacSon | TW3: STT_21859_CatMinh | TX3: STT_25558_Phan | TY3: STT_20404_CamPho | TZ3: STT_05860_BaHang | UA3: STT_08914_DaoTru | UB3: STT_09721_VanPhuc | UC3: STT_24124_TanAn | UD3: STT_23485_DakToLung | UE3: STT_29971_ThuongThoiTien | UF3: STT_07819_HoangLuong | UG3: STT_11245_PhamKha | UH3: STT_17395_DienDoai | UI3: STT_12397_PhanSaoNam | UJ3: STT_15670_ThoBinh | UK3: STT_11635_TruongTho | UL3: STT_08938_TrungMy | UM3: STT_31588_HungPhu | UN3: STT_26386_BinhAn | UO3: STT_10126_BichHoa | UP3: STT_26305_GiaTan3 | UQ3: STT_06268_LienHoi | UR3: STT_00382_MinhTri | US3: STT_02953_NghiaDo | UT3: STT_07765_NghiaTrung | UU3: STT_22876_PhuocThai | UV3: STT_16567_ThanhThuy | UW3: STT_04591_PaLau | UX3: STT_14707_KhanhDuong | UY3: STT_00460_ThuyLam | UZ3: STT_20050_HongHa | VA3: STT_27790_ThanhTri | VB3: STT_29779_ThanhTrung | VC3: STT_21958_PhuocThang | VD3: STT_23768_IaYok | VE3: STT_06001_DoanKet | VF3: STT_07684_LaoHo | VG3: STT_03619_MuongThan | VH3: STT_04987_HungSon | VI3: STT_01456_QuangHan | VJ3: STT_02143_LuongThuong | VK3: STT_10894_CamHung | VL3: STT_27565_NhiBinh | VM3: STT_21335_SonLien | VN3: STT_31534_XuanHoa | VO3: STT_11302_SoDau | VP3: STT_20197_HoaKhanhBac | VQ3: STT_29581_BinhHoaPhuoc | VR3: STT_03493_PaTan | VS3: STT_04840_GiapDat | VT3: STT_12592_TanLe | VU3: STT_24044_DoanKet | VV3: STT_31303_GiaiXuan | VW3: STT_31573_PhuTam | VX3: STT_22053_XuanThanh | VY3: STT_10360_VienNoi | VZ3: STT_28084_QueMyThanh | WA3: STT_18121_TrungLuong | WB3: STT_23972_IaRong | WC3: STT_29725_PhuThinh | WD3: STT_14761_NamNgan | WE3: STT_05512_MoChe | WF3: STT_24775_12 | WG3: STT_30823_BinhSon | WH3: STT_02092_ThanhVan | WI3: STT_16744_DongVan | WJ3: STT_17041_ChauTien | WK3: STT_11992_ChiDao | WL3: STT_06532_MauSon | WM3: STT_24454_CuKTy | WN3: STT_04288_TanAn | WO3: STT_23995_DakPo | WP3: STT_16994_QuangTien | WQ3: STT_23239_SongPhan | WR3: STT_16285_TanTho | WS3: STT_19756_GiaHoi | WT3: STT_30802_HoaDien | WU3: STT_19117_XuanTrach | WV3: STT_13390_DaiCuong | WW3: STT_00307_DinhCong | WX3: STT_14158_HongThuan | WY3: STT_15136_CamQuy | WZ3: STT_23620_AnPhu | XA3: STT_13807_TanMinh | XB3: STT_26971_12 | XC3: STT_15067_MyTan | XD3: STT_22414_CamPhucNam | XE3: STT_01732_YenLac | XF3: STT_13666_TranHungDao | XG3: STT_19018_QuangDong | XH3: STT_21490_BaVinh | XI3: STT_25006_TanThuong | XJ3: STT_20764_QueTho | XK3: STT_23728_IaKhuol | XL3: STT_26122_NamCatTien | XM3: STT_01367_CanNong | XN3: STT_26740_BenNghe | XO3: STT_28711_TanPhuoc | XP3: STT_30136_TanHoa | XQ3: STT_04945_HoaSon | XR3: STT_00532_YenVien | XS3: STT_26176_TriAn | XT3: STT_07249_XuanLuong | XU3: STT_25948_TanDongHiep | XV3: STT_31232_VinhThanh | XW3: STT_03166_ChaCang | XX3: STT_21406_DucThang | XY3: STT_17938_NamThanh | XZ3: STT_23830_AnTrung | YA3: STT_20647_QueXuan2 | YB3: STT_21556_DongDa | YC3: STT_25999_TanBien | YD3: STT_17335_ThanhSon | YE3: STT_04174_PuPau | YF3: STT_23458_MangBuk | YG3: STT_01228_TanNam | YH3: STT_27265_06 | YI3: STT_16234_XuanDu | YJ3: STT_01027_ThangTin | YK3: STT_08668_XuanLoc | YL3: STT_08740_TrungNhi | YM3: STT_09580_NgoQuyen | YN3: STT_20008_HuongVan | YO3: STT_05614_YenNinh | YP3: STT_02758_TungChungPho | YQ3: STT_20971_TamXuanII | YR3: STT_07381_NghiaHung | YS3: STT_18859_BacLy | YT3: STT_14629_HoiNinh | YU3: STT_14929_DienHa | YV3: STT_29272_AnTruongA | YW3: STT_18502_HaLinh | YX3: STT_29464_PhuocHung | YY3: STT_17272_TanPhu | YZ3: STT_03157_ChungChai | ZA3: STT_07621_VanSon | ZB3: STT_14326_ThanhBinh | ZC3: STT_18007_HungYen | ZD3: STT_00184_QuocTuGiam | ZE3: STT_15355_VinhYen | ZF3: STT_23158_NghiDuc | ZG3: STT_03130_ThanhBinh | ZH3: STT_03181_MuongTung | ZI3: STT_13573_ChinhLy | ZJ3: STT_24311_ThienAn | ZK3: STT_21736_MyDuc | ZL3: STT_25276_LocAn | ZM3: STT_30469_MyDuc | ZN3: STT_30736_VinhQuang | ZO3: STT_02380_BachXa | ZP3: STT_10612_NamTan | ZQ3: STT_01540_ThangLoi | ZR3: STT_31819_5 | ZS3: STT_08977_KimHoa | ZT3: STT_20557_DienHoa | ZU3: STT_00247_PhamDinhHo | ZV3: STT_13750_MinhTan | ZW3: STT_21046_BinhThanh
A4: STT_17236_CamLam | B4: STT_31255_TrungHung | C4: STT_11338_CauTre | D4: STT_26876_6 | E4: STT_06076_QuyHoa | F4: STT_20800_BinhNguyen | G4: STT_08236_LienHoa | H4: STT_25246_LongHung | I4: STT_05545_QuyKy | J4: STT_05980_DongKinh | K4: STT_11434_BacSon | L4: STT_19069_QuangTien | M4: STT_25594_DongKhoi | N4: STT_17836_NghiTien | O4: STT_25326_PhuDuc | P4: STT_28219_PhuNgaiTri | Q4: STT_11089_NgocKy | R4: STT_03328_ThanhLuong | S4: STT_10552_BenTam | T4: STT_18077_NguyenDu | U4: STT_17722_HanhLam | V4: STT_27604_VinhLocB | W4: STT_30598_VinhHanh | X4: STT_06718_HoaLac | Y4: STT_20863_TienCam | Z4: STT_10279_PhuongDuc | AA4: STT_06931_QuangThanh | AB4: STT_31348_TruongLongTay | AC4: STT_03067_NamMa | AD4: STT_19361_3 | AE4: STT_11377_AnDuong | AF4: STT_14839_QuangCu | AG4: STT_11764_TuCuong | AH4: STT_00007_CongVi | AI4: STT_28810_AnKhanh | AJ4: STT_09505_PhuHoa | AK4: STT_13516_DongDu | AL4: STT_00166_DichVong | AM4: STT_00721_DongVan | AO4: STT_30085_BaSao | AP4: STT_11959_LeLoi | AQ4: STT_29551_2 | AR4: STT_05098_BacPhong | AS4: STT_18682_CamDuong | AT4: STT_20509_DaiHung | AU4: STT_32161_TranPhan | AV4: STT_17122_QuynhChau | AW4: STT_22618_KhanhTrung | AX4: STT_24085_ChuGu | AY4: STT_03655_QuyetTam | AZ4: STT_09085_ChanHung | BA4: STT_19372_VinhTu | BB4: STT_24547_EaTieu | BC4: STT_13906_NghiaThai | BD4: STT_12481_QuynhHoa | BE4: STT_12442_KyBa | BF4: STT_22090_XuanLanh | BG4: STT_18244_TruongSon | BH4: STT_22978_PhongPhu | BI4: STT_14035_TrungDong | BJ4: STT_14473_LienSon | BK4: STT_02266_LangCan | BL4: STT_14857_TrungLy | BM4: STT_05140_PhuCuong | BN4: STT_10825_TanViet | BO4: STT_18910_HoaPhuc | BP4: STT_01897_HaHieu | BQ4: STT_02311_HaLang | BR4: STT_28045_LongThuan | BS4: STT_18142_SonTien | BT4: STT_24380_EaSar | BU4: STT_28996_ChauHoa | BV4: STT_06337_Dongy | BW4: STT_29965_TanHoi | BX4: STT_26080_XuanAn | BY4: STT_29059_LongHoa | BZ4: STT_24565_EaBong | CA4: STT_27052_07 | CB4: STT_21019_NghiaChanh | CC4: STT_11590_AnHoa | CD4: STT_21244_NghiaThang | CE4: STT_16726_NghiHoa | CF4: STT_07897_TanDan | CG4: STT_20236_HaiChauI | CH4: STT_31507_6 | CI4: STT_14536_NinhKhang | CJ4: STT_04234_DomCang | CL4: STT_25135_MyDuc | CM4: STT_26434_XuanThanh | CN4: STT_25639_TruongHoa | CO4: STT_03262_MunChung | CP4: STT_25220_LongPhuoc | CQ4: STT_29521_LongKhanh | CR4: STT_29809_DongThanh | CS4: STT_19693_HaiQuy | CT4: STT_06622_BinhXa | CU4: STT_29668_QuoiAn | CV4: STT_11701_HuuBang | CW4: STT_12982_DongQui | CX4: STT_26479_HiepPhuoc | CY4: STT_00352_KhuongMai | CZ4: STT_25786_MinhTan | DA4: STT_13087_AnBinh | DB4: STT_23200_SungNhon | DC4: STT_28309_LongHung | DD4: STT_28909_ThanhNgai | DE4: STT_29119_TanXuan | DF4: STT_12697_LienGiang | DG4: STT_26215_PhuVinh | DH4: STT_18364_XuanPho | DI4: STT_11465_MinhDuc | DJ4: STT_09955_LienQuan | DK4: STT_28330_ThanhMy | DL4: STT_24721_NamBinh | DM4: STT_04465_KhaoMang | DN4: STT_23647_SonLang | DO4: STT_31270_XuanThang | DP4: STT_26581_SuoiNghe | DQ4: STT_23866_IaDin | DR4: STT_26914_26 | DS4: STT_30637_MyHoiDong | DT4: STT_00778_XinCai | DU4: STT_25825_TanHung | DV4: STT_25972_ThuanGiao | DW4: STT_00649_TaThanhOai | DX4: STT_08782_HaiLuu | DY4: STT_09334_LienBao | DZ4: STT_02026_NamCuong | EA4: STT_14098_XuanThanh | EB4: STT_11167_HongDuc | EC4: STT_05773_YenLang | ED4: STT_13330_ChauGiang | EE4: STT_20944_TraMai | EF4: STT_16948_NghiaLac | EG4: STT_23235_TanAn | EH4: STT_23290_TruongChinh | EI4: STT_08446_ThanhUyen | EJ4: STT_03865_XimVang | EK4: STT_21646_HoaiChauBac | EL4: STT_24625_DakRMang | EM4: STT_25495_TanBinh | EN4: STT_08065_HaLuong | EO4: STT_31087_GanhDau | EP4: STT_25843_AnTay | EQ4: STT_22336_NgocHiep | ER4: STT_04507_DaoThinh | ES4: STT_07312_DaiHoa | EU4: STT_20446_TrHy | EV4: STT_29632_NhonPhu | EW4: STT_05725_ThanXa | EX4: STT_31378_PhuHuu | EY4: STT_31474_LongBinh | EZ4: STT_27673_AnThoiDong | FA4: STT_32242_VienAn | FB4: STT_26629_XuyenMoc | FC4: STT_23413_NgocYeu | FD4: STT_26257_BauHam | FE4: STT_12028_PhungCong | FF4: STT_04069_ChiengSang | FG4: STT_31648_HauThanh | FH4: STT_09259_NhanHoa | FI4: STT_20729_PhuocHoa | FJ4: STT_03405_GiangMa | FK4: STT_04633_NamBung | FL4: STT_25312_ThienHung | FM4: STT_16786_ChauHoi | FN4: STT_32071_TriPhai | FO4: STT_08299_LuongSon | FP4: STT_30775_PhaoDai | FQ4: STT_09901_PhuongCach | FR4: STT_31762_ThanhTan | FS4: STT_22498_VanLong | FT4: STT_23684_DakKrong | FU4: STT_23014_BinhAn | FV4: STT_22747_PhuHa | FW4: STT_29911_2 | FX4: STT_18766_KyPhong | FY4: STT_22900_NhiHa | FZ4: STT_29425_MyLongNam | GA4: STT_24217_EaRok | GB4: STT_01867_CongBang | GC4: STT_21358_LongMon | GD4: STT_22792_PhuocTien | GE4: STT_30859_TanHiepB | GF4: STT_23893_IaDrang | GG4: STT_32104_KhanhBinhTay | GH4: STT_17113_QuynhLap | GI4: STT_31624_AnThanhDong | GJ4: STT_09463_GiangSon | GK4: STT_04798_HuuNghi | GL4: STT_22216_EaBa | GM4: STT_31678_LichHoiThuong | GN4: STT_04384_ChauQueThuong | GO4: STT_05920_TanKim | GP4: STT_17512_LangThanh | GQ4: STT_06817_QuangTrung | GR4: STT_31126_AnNghiep | GS4: STT_14878_PhuThanh | GT4: STT_15781_ThieuPhuc | GU4: STT_30961_ThoiQuan | GV4: STT_26803_TamBinh | GW4: STT_10450_TuyLai | GX4: STT_01105_ChiCa | GY4: STT_25342_TanLoi | GZ4: STT_27475_TanHung | HA4: STT_21298_SonNham | HB4: STT_09376_TuongGiang | HC4: STT_21448_PhoThuan | HD4: STT_24264_EaKueh | HE4: STT_02545_TanTrao | HF4: STT_28660_DongThanh | HG4: STT_10024_TienPhuong | HH4: STT_32200_DatMoi | HI4: STT_08350_NgoXa | HJ4: STT_19438_HuongViet | HK4: STT_29383_ThanhMy | HL4: STT_27217_11 | HM4: STT_06904_TanBinh | HN4: STT_24874_LiengSronh | HO4: STT_25204_TanXuan | HP4: STT_09793_ThoXuan | HQ4: STT_20116_VinhHung | HR4: STT_05275_MyThanh | HS4: STT_31450_ViThang | HT4: STT_02440_TrungMinh | HU4: STT_20302_HoaSon | HV4: STT_32050_KhanhTien | HW4: STT_25372_TanPhuoc | HX4: STT_00625_MyDinh1 | HY4: STT_12289_VinhXa | HZ4: STT_21796_VinhHiep | IA4: STT_21817_BinhThuan | IB4: STT_18322_DucLinh | IC4: STT_24049_IaAke | ID4: STT_20671_QueLoc | IE4: STT_21184_TinhHiep | IF4: STT_28117_LongDinh | IG4: STT_11692_HaiThanh | IH4: STT_03292_ngTo | II4: STT_14569_KhanhHoa | IJ4: STT_15199_ThachQuang | IK4: STT_07003_VanYen | IL4: STT_14818_NgocTrao | IM4: STT_29518_LongHuu | IN4: STT_09841_DuongLieu | IO4: STT_06658_CaoXanh | IP4: STT_23430_DakTram | IQ4: STT_00829_SungTrang | IR4: STT_06193_ThanhLoa | IS4: STT_23799_DakTaLey | IT4: STT_26557_LongToan | IU4: STT_25915_HoiNghia | IV4: STT_03817_HuaTrai | IW4: STT_25525_TanHoi | IX4: STT_11923_DongBai | IY4: STT_22003_CanhVinh | IZ4: STT_31195_BaLang | JA4: STT_16456_QuangDinh | JB4: STT_23506_DakHRing | JC4: STT_26773_ThoiAn | JD4: STT_23534_HoMoong | JE4: STT_32218_PhuTan | JF4: STT_02851_TaVanChu | JG4: STT_24742_DakRTih | JH4: STT_19564_DaKrong | JI4: STT_06472_VanThuy | JJ4: STT_24190_EaRal | JK4: STT_01162_TanThanh | JL4: STT_08575_GiapLai | JM4: STT_30217_LongHau | JN4: STT_16099_NgaVinh | JO4: STT_28456_MyThanhNam | JP4: STT_11029_GiaTan | JR4: STT_13294_MinhKhai | JS4: STT_21373_HanhTrung | JT4: STT_22819_QuangSon | JU4: STT_24244_TanHoa | JV4: STT_31174_ThoiAnDong | JW4: STT_06871_PhongDu | JX4: STT_29872_4 | JY4: STT_08161_DaiAn | JZ4: STT_03389_DoanKet | KA4: STT_29350_HieuTu | KB4: STT_00100_QuangAn | KC4: STT_00883_CanTy | KD4: STT_27766_ThaiTri | KE4: STT_24649_NamDong | KF4: STT_27445_BinhTriDong | KG4: STT_31327_V | KH4: STT_19210_VinhNinh | KI4: STT_01296_NamCao | KJ4: STT_31489_VinhVien | KK4: STT_03730_ChiengPha | KL4: STT_04258_NguyenThaiHoc | KM4: STT_21694_AnSon | KN4: STT_02692_ALu | KO4: STT_06136_ThuyHung | KP4: STT_30913_ThanhLoc | KQ4: STT_10759_ThuongVu | KR4: STT_25063_LocPhu | KS4: STT_04018_ToMua | KT4: STT_24850_DungKNo | KU4: STT_00991_YenPhu | KV4: STT_03988_TanHop | KW4: STT_06979_DapThanh | KX4: STT_00694_NguyenTrai | KY4: STT_15409_YenPhu | KZ4: STT_02239_ThuongNong | LA4: STT_22024_9 | LB4: STT_30343_KhanhBinh | LC4: STT_32008_5 | LD4: STT_05398_PhuThanh | LE4: STT_23566_HoiThuong | LF4: STT_15505_NamGiang | LG4: STT_32134_PhuHung | LH4: STT_22855_TanHai | LI4: STT_23119_MuongMan | LJ4: STT_22261_HoaHiepTrung | LK4: STT_20344_HoaHuong | LL4: STT_24883_PhiTo | LM4: STT_29935_BinhPhu | LN4: STT_19633_TrieuPhuoc | LO4: STT_28762_6 | LP4: STT_19255_NguThuyBac | LQ4: STT_27652_NhonDuc | LR4: STT_31852_NinhHoa | LS4: STT_04309_LamThuong | LT4: STT_31708_ThanhPhu | LU4: STT_25865_AnThai | LV4: STT_27692_TanKhanh | LW4: STT_22123_AnNinhDong | LX4: STT_25750_PhuHoa | LY4: STT_31981_LongDien | LZ4: STT_03907_MuongCoi | MA4: STT_22174_SonDinh | MB4: STT_27172_12 | MC4: STT_03004_NguChiSon | MD4: STT_19339_DongThanh | ME4: STT_01945_CocDan | MF4: STT_20272_AnHaiBac | MG4: STT_29830_HoaBinh | MH4: STT_23377_PleiKan | MI4: STT_07531_TanSon | MJ4: STT_22312_HoaTri | MK4: STT_27310_12 | ML4: STT_25717_LocHung | MM4: STT_19972_ThuyPhuong | MN4: STT_22255_PhuThu | MO4: STT_20701_Zuoich | MP4: STT_20311_HoaThoTay | MQ4: STT_19606_CamThuy | MR4: STT_31064_BinhMinh | MS4: STT_03211_ChiengSo | MT4: STT_22924_PhuThuy | MU4: STT_25663_HiepThanh | MV4: STT_25690_LongGiang | MW4: STT_28000_ThanhHoa | MX4: STT_00124_DucGiang | MY4: STT_27907_MyQuyTay | MZ4: STT_28258_3 | NA4: STT_02911_BanPhiet | NB4: STT_24673_DakGan | NC4: STT_30797_PhuLoi | ND4: STT_18427_VuongLoc | NE4: STT_18586_ThachKenh | NF4: STT_24751_NhanCo | NG4: STT_06394_QuyetThang | NH4: STT_30379_PhuLoc | NI4: STT_00046_HangBuom | NJ4: STT_05209_PaCo | NK4: STT_16822_KengDu | NL4: STT_18958_ThanhHoa | NM4: STT_14224_HaiNam | NN4: STT_10684_LeNinh | NO4: STT_23068_DongTien | NP4: STT_07456_TamDi | NQ4: STT_20170_HuongLoc | NR4: STT_22660_DienXuan | NS4: STT_19876_QuangLoi | NT4: STT_27019_TanQuy | NU4: STT_01843_PhungChiKien | NV4: STT_02647_KimTan | NX4: STT_09409_MaoDien | NY4: STT_26668_TamPhuoc | NZ4: STT_28439_4 | OA4: STT_27730_HungDien | OB4: STT_04114_ChiengChan | OC4: STT_24967_HiepThanh | OD4: STT_31924_VinhMyB | OE4: STT_24352_EaTam | OF4: STT_25400_PhuSon | OG4: STT_28528_TanLyDong | OH4: STT_14392_GiaSon | OI4: STT_28168_LongHau | OJ4: STT_29191_QuoiDien | OK4: STT_01582_QuangHung | OL4: STT_01666_DaiTien | OM4: STT_29317_AnPhuTan | ON4: STT_31903_ChauHungA | OO4: STT_18430_BinhAn | OP4: STT_18808_KyHa | OQ4: STT_23946_BarMaih | OR4: STT_07951_HaLoc | OS4: STT_29260_9 | OT4: STT_25168_GiaVien | OU4: STT_07144_SongKhoai | OV4: STT_26512_3 | OW4: STT_27940_LocGiang | OX4: STT_15040_GiaoAn | OY4: STT_24499_EaKenh | OZ4: STT_30322_VinhMy | PA4: STT_10192_DuyenThai | PB4: STT_31344_HiepLoi | PC4: STT_10960_VinhHong | PD4: STT_12112_DuongQuang | PE4: STT_03440_TaBa | PF4: STT_07210_HoangVanThu | PG4: STT_30178_MyAnHungB | PH4: STT_26338_XuanDuong | PI4: STT_23350_DakNhoong | PJ4: STT_24694_BuonChoah | PK4: STT_27811_BinhHoaDong | PL4: STT_09631_TanHong | PM4: STT_22723_SonHiep | PN4: STT_27355_06 | PO4: STT_00602_DucThang | PP4: STT_21124_TraHiep | PQ4: STT_12214_DaTrach | PR4: STT_03550_SiLoLau | PS4: STT_16390_DongHoa | PT4: STT_16670_QuanBau | PU4: STT_25229_PhuVan | PV4: STT_28940_TanHoi | PW4: STT_20290_HoaHai | PX4: STT_01330_CoBa | PY4: STT_31402_BinhThanh | PZ4: STT_01981_VuMuon | QA4: STT_03604_ThanThuoc | QB4: STT_09172_KinhBac | QC4: STT_08500_XuanLung | QD4: STT_26713_PhuocHoa | QE4: STT_08770_HopLy | QF4: STT_09034_BinhDinh | QG4: STT_30046_TruongXuan | QH4: STT_31876_PhuocLong | QI4: STT_04726_CamNhan | QJ4: STT_31157_LongHung | QK4: STT_25903_TanLap | QL4: STT_00913_ViXuyen | QM4: STT_24421_EaLai | QN4: STT_05440_HoangVanThu | QO4: STT_15622_VanXuan | QP4: STT_24823_1 | QQ4: STT_27505_TrungLapThuong | QR4: STT_20476_JoNgay | QS4: STT_11479_AnSon | QT4: STT_20374_TamDan | QU4: STT_30887_MongTho | QV4: STT_15001_TrungHa | QW4: STT_30418_PhuLong | QX4: STT_14369_TaySon | QY4: STT_07078_TrangLuong | QZ4: STT_19828_DienLoc | RA4: STT_16885_HuuKhuong | RB4: STT_27397_03 | RC4: STT_17623_LamSon | RD4: STT_25465_HiepNinh | RE4: STT_09202_TamGiang | RF4: STT_19501_TrungHai | RG4: STT_21616_AnDung | RH4: STT_25439_QuangMinh | RI4: STT_01276_TanGiang | RJ4: STT_30691_TayPhu | RK4: STT_08716_DongDa | RL4: STT_26689_LongMy | RM4: STT_09544_VanPhuc | RN4: STT_13978_NamThang | RO4: STT_06847_DongVan | RP4: STT_21916_NhonThanh | RQ4: STT_12061_DongThan | RR4: STT_24937_DaRon | RS4: STT_31951_LangTron | RT4: STT_30994_NamYen | RU4: STT_19918_PhuXuan | RV4: STT_10514_NhiChau | RW4: STT_30253_TanNhuanDong | RX4: STT_05365_BaoHieu | RY4: STT_03226_TaSinThang | RZ4: STT_12844_ThuyQuynh | SA4: STT_31054_VinhHoa | SB4: STT_20905_TraNu | SC4: STT_22444_CamHaiTay | SD4: STT_16021_TrieuLoc | SE4: STT_31792_VinhHiep | SF4: STT_28369_MyTrung | SG4: STT_24314_EaSin | SH4: STT_13201_XuanHoa | SI4: STT_12346_NhatTan | SJ4: STT_07984_VanDu | SK4: STT_24022_KimTan | SL4: STT_03473_NamCha | SM4: STT_20209_XuanHa | SN4: STT_31741_TanLong | SO4: STT_31213_TanLoc | SP4: STT_02209_TrangDa | SQ4: STT_11414_ThanhTo | SR4: STT_25108_DaTon | SS4: STT_30553_LeTri | ST4: STT_08554_KietSon | SU4: STT_22537_NinhThuong | SV4: STT_02809_SiMaCai | SW4: STT_30508_NuiVoi | SX4: STT_15280_HaBac | SY4: STT_27874_ThanhPhuoc | SZ4: STT_16183_XuanBinh | TA4: STT_22849_LoiHai | TB4: STT_27136_13 | TC4: STT_30010_PhuHiep | TD4: STT_11833_ThangThuy | TE4: STT_01795_MinhKhai | TF4: STT_31115_NamDu | TG4: STT_28699_TanThanh | TH4: STT_20608_DuyTan | TI4: STT_24589_DakLieng | TJ4: STT_24615_NghiaTan | TK4: STT_03694_MuongGion | TL4: STT_13456_LiemCan | TM4: STT_27835_NhonHoaLap | TN4: STT_28879_VinhBinh | TO4: STT_28603_MyTinhAn | TP4: STT_30286_MyXuyen | TQ4: STT_05668_TanLong | TR4: STT_15880_HoangPhuong | TS4: STT_08878_KimLong | TT4: STT_06769_CamDong | TU4: STT_31030_DongThanh | TV4: STT_12151_BaiSay | TW4: STT_21862_CatKhanh | TX4: STT_25561_PhuocNinh | TY4: STT_20407_ThanhHa | TZ4: STT_05863_PhucTan | UA4: STT_08917_YenDuong | UB4: STT_09724_VanNam | UC4: STT_24127_ThongNhat | UD4: STT_23488_DakRuong | UE4: STT_29974_ThuongPhuoc2 | UF4: STT_07822_HoangVan | UG4: STT_11248_NgoQuyen | UH4: STT_17398_DienTruong | UI4: STT_12400_QuangHung | UJ4: STT_15673_ThoTien | UK4: STT_11638_TruongThanh | UL4: STT_08944_BaHien | UM4: STT_31591_MyHuong | UN4: STT_26389_LongDuc | UO4: STT_10129_MyHung | UP4: STT_26308_GiaKiem | UQ4: STT_06274_HoaBinh | UR4: STT_00385_HongKy | US4: STT_02956_VinhYen | UT4: STT_07768_MinhDuc | UU4: STT_22879_PhuocHau | UV4: STT_16570_ThanhSon | UW4: STT_04594_XaHo | UX4: STT_14710_MaiSon | UY4: STT_00463_BacHong | UZ4: STT_20053_HongKim | VA4: STT_27793_BinhHiep | VB4: STT_29782_TanAnThanh | VC4: STT_21961_PhuocHung | VD4: STT_23770_IaHrung | VE4: STT_06004_QuocKhanh | VF4: STT_07690_HuongGian | VG4: STT_03625_MuongMit | VH4: STT_04990_BinhSon | VI4: STT_01462_XuanNoi | VJ4: STT_02146_KimHy | VK4: STT_10897_CamHoang | VL4: STT_27568_DongThanh | VM4: STT_21337_SonTan | VN4: STT_31537_PhongNam | VO4: STT_11305_ThuongLy | VP4: STT_20198_HoaKhanhNam | VQ4: STT_29584_HoaNinh | VR4: STT_03496_PhinHo | VS4: STT_04846_MuongChieng | VT4: STT_12595_CongHoa | VU4: STT_24045_SongBo | VV4: STT_31306_TanThoi | VW4: STT_31576_ThuanHoa | VX4: STT_22054_XuanHai | VY4: STT_10363_HoaSon | VZ4: STT_28087_LacTan | WA4: STT_18124_DucThuan | WB4: STT_23974_IaDreng | WC4: STT_29728_HauLoc | WD4: STT_14764_TruongThi | WE4: STT_05515_CaiDan | WF4: STT_24778_9 | WG4: STT_30826_BinhGiang | WH4: STT_02095_MaiLap | WI4: STT_16747_HanhDich | WJ4: STT_17044_ChauHong | WK4: STT_11995_DaiDong | WL4: STT_06541_YenKhoai | WM4: STT_24457_HoaThanh | WN4: STT_04291_CauThia | WO4: STT_23998_YangBac | WP4: STT_17003_LongSon | WQ4: STT_23242_TanPhuc | WR4: STT_16288_HoangSon | WS4: STT_19759_PhuHau | WT4: STT_30805_DuongHoa | WU4: STT_19120_MyTrach | WV4: STT_13393_LeHo | WW4: STT_00310_MaiDong | WX4: STT_14161_GiaoThien | WY4: STT_15139_CamLuong | WZ4: STT_23623_AnTan | XA4: STT_13810_YenTho | XB4: STT_26974_13 | XC4: STT_15070_ThuySon | XD4: STT_22417_CamLoc | XE4: STT_01735_TrieuNguyen | XF4: STT_13669_CuaBac | XG4: STT_19021_QuangPhu | XH4: STT_21493_BaThanh | XI4: STT_25007_TanLam | XJ4: STT_20767_BinhLam | XK4: STT_23731_IaPhi | XL4: STT_26125_PhuAn | XM4: STT_01372_LuongThong | XN4: STT_26743_BenThanh | XO4: STT_28714_GiaThuan | XP4: STT_30139_AnPhong | XQ4: STT_04951_TanVinh | XR4: STT_00535_NinhHiep | XS4: STT_26179_TanAn | XT4: STT_07252_TamTien | XU4: STT_25951_BinhAn | XV4: STT_31234_ThanhMy | XW4: STT_03167_NaCoSa | XX4: STT_21409_DucNhuan | XY4: STT_17941_NamAnh | XZ4: STT_23833_KongYang | YA4: STT_20650_QuePhu | YB4: STT_21559_TranQuangDieu | YC4: STT_26002_HoNai | YD4: STT_17338_BinhSon | YE4: STT_04177_ChiengPhung | YF4: STT_23461_DakTang | YG4: STT_01231_BanRia | YH4: STT_27268_08 | YI4: STT_16240_PhuongNghi | YJ4: STT_01030_ThenChuPhin | YK4: STT_08671_TanPhuong | YL4: STT_08743_PhucThang | YM4: STT_09583_QuangTrung | YN4: STT_20011_HuongVan | YO4: STT_05617_YenTrach | YP4: STT_02761_MuongKhuong | YQ4: STT_20974_TamTien | YR4: STT_07384_QuangThinh | YS4: STT_18865_NamLy | YT4: STT_14632_XuanChinh | YU4: STT_14932_DienQuang | YV4: STT_29275_AnTruong | YW4: STT_18505_HuongThuy | YX4: STT_29467_TapSon | YY4: STT_17275_TanXuan | YZ4: STT_03158_LengSuSin | ZA4: STT_07624_HuuSan | ZB4: STT_14329_VanGiang | ZC4: STT_18008_HungYenBac | ZD4: STT_00187_LangThuong | ZE4: STT_15358_VinhTien | ZF4: STT_23161_LaNgau | ZG4: STT_03133_TanThanh | ZH4: STT_03190_HuaNgai | ZI4: STT_13576_ChanLy | ZJ4: STT_24318_DatHieu | ZK4: STT_21739_MyChau | ZL4: STT_25279_LocTan | ZM4: STT_30472_MyPhu | ZN4: STT_30739_VinhHiep | ZO4: STT_02383_MinhKhuong | ZP4: STT_10615_HopTien | ZQ4: STT_01543_DongLoan | ZR4: STT_31822_7 | ZS4: STT_08980_ThachDa | ZT4: STT_20560_DienThangBac | ZU4: STT_00256_LeDaiHanh | ZV4: STT_13753_HopHung | ZW4: STT_21049_BinhDong
A5: STT_17239_ThachNgan | B5: STT_31261_CoDo | C5: STT_11341_LacVien | D5: STT_26878_16 | E5: STT_06079_HongPhong | F5: STT_20803_BinhPhuc | G5: STT_08239_TramThan | H5: STT_25250_PhuocTan | I5: STT_05548_TanThinh | J5: STT_05983_ChiLang | K5: STT_11437_NamSon | L5: STT_19075_QuangTrung | M5: STT_25597_ThaiBinh | N5: STT_17839_NghiHung | O5: STT_25333_ThanhLuong | P5: STT_28222_VinhCong | Q5: STT_11092_BinhLang | R5: STT_03331_ThanhHung | S5: STT_10555_HoangHoaTham | T5: STT_18079_TanGiang | U5: STT_17723_ThanhSon | V5: STT_27607_BinhLoi | W5: STT_30601_BinhThanh | X5: STT_06721_TraCo | Y5: STT_20866_TienChau | Z5: STT_10282_NamTien | AA5: STT_06937_QuangThinh | AB5: STT_31351_TruongLongA | AC5: STT_03070_TanThuong | AD5: STT_19705_HaiLe | AE5: STT_11380_TranNguyenHan | AF5: STT_14842_QuangTien | AG5: STT_11770_QuyetTien | AH5: STT_00008_LieuGiai | AI5: STT_28813_GiaoLong | AJ5: STT_09508_MyHuong | AK5: STT_13519_NgocLu | AL5: STT_00167_DichVongHau | AM5: STT_00724_LungTao | AO5: STT_30088_PhongMy | AP5: STT_11962_MinhKhai | AQ5: STT_29554_4 | AR5: STT_05101_ThuPhong | AS5: STT_18685_CamBinh | AT5: STT_20512_DaiHong | AU5: STT_32162_TanTrung | AV5: STT_17140_TanSon | AW5: STT_22621_KhanhDong | AX5: STT_24088_DatBang | AY5: STT_03658_ChiengCo | AZ5: STT_09088_NghiaHung | BA5: STT_19375_VinhChap | BB5: STT_24550_EaBHok | BC5: STT_13909_HoangNam | BD5: STT_12484_QuynhLam | BE5: STT_12445_QuangTrung | BF5: STT_22093_XuanLong | BG5: STT_18247_LienMinh | BH5: STT_22981_VinhHao | BI5: STT_14038_LiemHai | BJ5: STT_14476_GiaThanh | BK5: STT_02269_ThuongLam | BL5: STT_14860_QuangChieu | BM5: STT_05143_MyHoa | BN5: STT_10828_CamChe | BO5: STT_18913_HongHoa | BP5: STT_01900_CaoThuong | BQ5: STT_02314_HungMy | BR5: STT_28048_MyLac | BS5: STT_18145_SonLam | BT5: STT_24382_XuanPhu | BU5: STT_28999_LuongHoa | BV5: STT_06340_TanTri | BW5: STT_29978_AnLac | BX5: STT_26083_XuanHoa | BY5: STT_29062_PhuThuan | BZ5: STT_24568_BangADrenh | CA5: STT_27055_03 | CB5: STT_21022_TranHungDao | CC5: STT_11593_HongPhong | CD5: STT_21247_NghiaThuan | CE5: STT_16729_NghiHai | CF5: STT_07900_GiaCam | CG5: STT_20239_HaiChauII | CH5: STT_31510_2 | CI5: STT_14539_NinhMy | CJ5: STT_04237_NamLanh | CL5: STT_25138_QuangTri | CM5: STT_26437_XuanTho | CN5: STT_25642_TruongDong | CO5: STT_03263_NaTong | CP5: STT_25237_SonGiang | CQ5: STT_29530_NguLac | CR5: STT_29812_DongBinh | CS5: STT_19696_HaiQue | CT5: STT_06625_KienMoc | CU5: STT_29671_TrungChanh | CV5: STT_11704_DaiDong | CW5: STT_12985_VuLang | CX5: STT_26482_PhuHuu | CY5: STT_00355_ThanhXuanTrung | CZ5: STT_25789_DinhAn | DA5: STT_13090_TaySon | DB5: STT_23203_MePu | DC5: STT_28312_LongThuan | DD5: STT_28912_TanPhuTay | DE5: STT_29122_MyChanh | DF5: STT_12700_AnChau | DG5: STT_26218_PhuLoi | DH5: STT_18367_XuanHai | DI5: STT_11467_BangLa | DJ5: STT_09958_DaiDong | DK5: STT_28333_ThanhHoa | DL5: STT_24722_ThuanHa | DM5: STT_04468_MoDe | DN5: STT_23650_KRong | DO5: STT_31279_DongBinh | DP5: STT_26584_XuanSon | DQ5: STT_23869_IaKla | DR5: STT_26917_12 | DS5: STT_30640_LongDienA | DT5: STT_00781_PaVi | DU5: STT_25828_LongNguyen | DV5: STT_25975_AnPhu | DW5: STT_00652_HuuHoa | DX5: STT_08800_DongQue | DY5: STT_09337_HienVan | DZ5: STT_02029_DongLac | EA5: STT_14101_XuanThuong | EB5: STT_11173_AnDuc | EC5: STT_05776_DucLuong | ED5: STT_13333_BachThuong | EE5: STT_20947_TraCang | EF5: STT_16951_NghiaLam | EG5: STT_23237_BinhTan | EH5: STT_23293_ThangLoi | EI5: STT_08461_LamSon | EJ5: STT_03868_TaXua | EK5: STT_21649_HoaiChau | EL5: STT_24631_QuangKhe | EM5: STT_25498_ThanhBinh | EN5: STT_08071_TuHiep | EO5: STT_31090_CuaDuong | EP5: STT_25846_ThoiHoa | EQ5: STT_22339_VinhTho | ER5: STT_04510_VietThanh | ES5: STT_07315_QuangTien | EU5: STT_20449_Lang | EV5: STT_29635_LongMy | EW5: STT_05728_VuChan | EX5: STT_31379_PhuTan | EY5: STT_31475_VinhTuong | EZ5: STT_27676_ThanhAn | FA5: STT_32244_RachGoc | FB5: STT_26632_BongTrang | FC5: STT_23416_DakSao | FD5: STT_26260_SongThao | FE5: STT_12031_NghiaTru | FF5: STT_04072_ChiengPan | FG5: STT_31651_LongDuc | FH5: STT_09262_BangAn | FI5: STT_20731_PhuocDuc | FJ5: STT_03406_HoThau | FK5: STT_04636_GiaHoi | FL5: STT_25315_ThanhHoa | FM5: STT_16789_ChauNga | FN5: STT_32072_TriLuc | FO5: STT_08302_XuanAn | FP5: STT_30778_MyDuc | FQ5: STT_09904_YenSon | FR5: STT_31765_LamKiet | FS5: STT_22501_VanBinh | FT5: STT_23686_HaiYang | FU5: STT_23017_PhanDien | FV5: STT_22750_ThanhSon | FW5: STT_29914_TanKhanhDong | FX5: STT_18769_KyTien | FY5: STT_22903_PhuocDinh | FZ5: STT_29428_MyHoa | GA5: STT_24220_YaToMot | GB5: STT_01870_GiaoHieu | GC5: STT_21361_LongHiep | GD5: STT_22795_PhuocThang | GE5: STT_30860_TanHoa | GF5: STT_23896_ThangHung | GG5: STT_32107_TranHoi | GH5: STT_17116_QuynhTrang | GI5: STT_31627_DaiAn1 | GJ5: STT_09466_CaoDuc | GK5: STT_04801_TanThinh | GL5: STT_22219_SonGiang | GM5: STT_31679_LichHoiThuong | GN5: STT_04387_ChauQueHa | GO5: STT_05923_TanThanh | GP5: STT_17515_TanThanh | GQ5: STT_06820_TrungVuong | GR5: STT_31129_AnCu | GS5: STT_14881_TrungThanh | GT5: STT_15784_ThieuTien | GU5: STT_30964_DinhAn | GV5: STT_26806_TamPhu | GW5: STT_10453_PhucLam | GX5: STT_01108_XinMan | GY5: STT_25345_TanHung | GZ5: STT_27478_BinhThuan | HA5: STT_21301_SonBao | HB5: STT_09379_PhuKhe | HC5: STT_21451_PhoVan | HD5: STT_24265_EaKiet | HE5: STT_02548_VinhLoi | HF5: STT_28663_ThanhCong | HG5: STT_10027_DongSon | HH5: STT_32201_LamHai | HI5: STT_08353_MinhTan | HJ5: STT_19441_HuongPhung | HK5: STT_29386_LuongHoaA | HL5: STT_27220_03 | HM5: STT_06910_DucYen | HN5: STT_24875_DaRsal | HO5: STT_25205_TanThien | HP5: STT_09796_HongHa | HQ5: STT_20122_GiangHai | HR5: STT_05278_TuanDao | HS5: STT_31453_VinhThuanTay | HT5: STT_02443_ChieuYen | HU5: STT_20308_HoaNhon | HV5: STT_32053_NguyenPhich | HW5: STT_25375_TanHung | HX5: STT_00626_MyDinh2 | HY5: STT_12292_PhamNguLao | HZ5: STT_21799_VinhHao | IA5: STT_21820_TayGiang | IB5: STT_18325_ThoDien | IC5: STT_24052_IaSol | ID5: STT_20672_SonVien | IE5: STT_21193_TinhBinh | IF5: STT_28120_PhuocVan | IG5: STT_11707_HoaNghia | IH5: STT_03301_BungLao | II5: STT_14572_KhanhLoi | IJ5: STT_15202_ThachTuong | IK5: STT_07006_MinhChau | IL5: STT_14821_DongSon | IM5: STT_29524_DanThanh | IN5: STT_09844_DiTrach | IO5: STT_06661_GiengDay | IP5: STT_23431_VanLem | IQ5: STT_00832_BachDich | IR5: STT_06196_CaoLau | IS5: STT_23800_Hra | IT5: STT_26558_LongTam | IU5: STT_25920_TanHiep | IV5: STT_03820_NgocChien | IW5: STT_25528_TanHoa | IX5: STT_11926_HoangChau | IY5: STT_22006_CanhHien | IZ5: STT_31198_ThuongThanh | JA5: STT_16462_QuangNhan | JB5: STT_23509_DakUi | JC5: STT_26776_TanChanhHiep | JD5: STT_23536_MoRai | JE5: STT_32221_TanHai | JF5: STT_02854_TaCuTy | JG5: STT_24746_DakNgo | JH5: STT_19567_TrieuNguyen | JI5: STT_06475_GiaLoc | JJ5: STT_24193_EaWy | JK5: STT_01165_DongTien | JL5: STT_08581_ThucLuyen | JM5: STT_30220_TanPhuoc | JN5: STT_16102_NgaVan | JO5: STT_28465_PhuNhuan | JP5: STT_11032_TanTien | JR5: STT_13297_HaiBaTrung | JS5: STT_21376_HanhNhan | JT5: STT_22822_MySon | JU5: STT_24247_CuorKNia | JV5: STT_31177_AnThoi | JW5: STT_06874_DienXa | JX5: STT_29875_3 | JY5: STT_08164_HanhCu | JZ5: STT_03403_SungPhai | KA5: STT_29353_HieuTrung | KB5: STT_00103_XuanLa | KC5: STT_00886_CaoMaPo | KD5: STT_27769_VinhTri | KE5: STT_24652_DakDRong | KF5: STT_27448_BinhTriDongA | KG5: STT_31330_VII | KH5: STT_19213_VoNinh | KI5: STT_01297_NamQuang | KJ5: STT_31490_VinhVienA | KK5: STT_03733_ChiengLa | KL5: STT_04261_DongTam | KM5: STT_21697_AnMy | KN5: STT_02695_TrinhTuong | KO5: STT_06139_BacHung | KP5: STT_30916_ThanhHoa | KQ5: STT_10762_CoDung | KR5: STT_25066_LocBac | KS5: STT_04021_MuongTe | KT5: STT_24862_Lat | KU5: STT_00994_MinhNgoc | KV5: STT_03991_QuiHuong | KW5: STT_06982_NamSon | KX5: STT_00697_MinhKhai | KY5: STT_15412_QuyLoc | KZ5: STT_02245_ConLon | LA5: STT_22027_3 | LB5: STT_30346_QuocThai | LC5: STT_32011_2 | LD5: STT_05404_HungThi | LE5: STT_23569_HoiPhu | LF5: STT_15508_XuanPhong | LG5: STT_32137_TanHung | LH5: STT_22858_XuanHai | LI5: STT_23122_HamThanh | LJ5: STT_22267_HoaTanDong | LK5: STT_20347_AnXuan | LL5: STT_24892_MeLinh | LM5: STT_29938_TanThanhA | LN5: STT_19636_TrieuDo | LO5: STT_28765_4 | LP5: STT_19258_HoaThuy | LQ5: STT_27655_PhuXuan | LR5: STT_31855_LocNinh | LS5: STT_04312_KhanhThien | LT5: STT_31711_NgocDong | LU5: STT_25867_AnLong | LV5: STT_27694_1 | LW5: STT_22126_AnThach | LX5: STT_25753_PhuTho | LY5: STT_31984_LongDienTay | LZ5: STT_03910_QuangHuy | MA5: STT_22177_SonLong | MB5: STT_27175_11 | MC5: STT_03006_PhanSiPang | MD5: STT_19342_2 | ME5: STT_01948_TrungHoa | MF5: STT_20275_PhuocMy | MG5: STT_29833_ThoiHoa | MH5: STT_23380_DakAng | MI5: STT_07534_PhongMinh | MJ5: STT_22315_HoaAn | MK5: STT_27313_02 | ML5: STT_25720_GiaLoc | MM5: STT_19975_ThuyChau | MN5: STT_22264_HoaPhong | MO5: STT_20702_TaPoo | MP5: STT_20312_HoaThoDong | MQ5: STT_19612_CamThanh | MR5: STT_31069_VinhThuan | MS5: STT_03214_MuongLuan | MT5: STT_22927_PhuTai | MU5: STT_25666_BauDon | MV5: STT_25693_TienThuan | MW5: STT_28003_LuongHoa | MX5: STT_00127_VietHung | MY5: STT_27910_MyThanhTay | MZ5: STT_28261_1 | NA5: STT_02914_BanCam | NB5: STT_24676_DucManh | NC5: STT_30799_PhuMy | ND5: STT_18433_ThanhLoc | NE5: STT_18589_ThachSon | NF5: STT_24754_KienThanh | NG5: STT_06397_HoaBinh | NH5: STT_30382_VinhXuong | NI5: STT_00049_HangDao | NJ5: STT_05212_HangKia | NK5: STT_16825_DoocMay | NL5: STT_18961_ThanhThach | NM5: STT_14227_HaiTrung | NN5: STT_10687_HoanhSon | NO5: STT_23071_ThuanHoa | NP5: STT_07459_BaoSon | NQ5: STT_20173_ThuongQuang | NR5: STT_22663_DienSon | NS5: STT_19879_QuangCong | NT5: STT_27022_TanThanh | NU5: STT_01846_HuyenTung | NV5: STT_02650_BacLenh | NX5: STT_09412_SongHo | NY5: STT_26671_AnNhut | NZ5: STT_28440_5 | OA5: STT_27733_ThanhHung | OB5: STT_04117_MuongChanh | OC5: STT_24970_BinhThanh | OD5: STT_31927_VinhHau | OE5: STT_24355_PhuLoc | OF5: STT_25402_ThoSon | OG5: STT_28531_TanLyTay | OH5: STT_14395_ThachBinh | OI5: STT_28174_PhuocHau | OJ5: STT_29194_TanPhong | OK5: STT_01594_DocLap | OL5: STT_01669_DucLong | OM5: STT_29320_HoaTan | ON5: STT_31906_HungThanh | OO5: STT_18457_IchHau | OP5: STT_18820_KyTrinh | OQ5: STT_23947_BoNgoong | OR5: STT_07954_PhuHo | OS5: STT_29236_4 | OT5: STT_25171_NamNinh | OU5: STT_07147_HiepHoa | OV5: STT_26515_4 | OW5: STT_27943_AnNinhDong | OX5: STT_15043_GiaoThien | OY5: STT_24502_EaPhe | OZ5: STT_30325_NuiSam | PA5: STT_10195_KhanhHa | PB5: STT_31411_DaiThanh | PC5: STT_10963_LongXuyen | PD5: STT_12115_HoaPhong | PE5: STT_03442_Pau | PF5: STT_07213_TranPhu | PG5: STT_30181_TanKhanhTrung | PH5: STT_26341_LongGiao | PI5: STT_23353_DakPek | PJ5: STT_24697_NamDa | PK5: STT_27814_BinhPhongThanh | PL5: STT_09634_VanThang | PM5: STT_22726_SonBinh | PN5: STT_27358_12 | PO5: STT_00604_ThuyPhuong | PP5: STT_21127_TraBinh | PQ5: STT_12217_HamTu | PR5: STT_03553_MoSiSan | PS5: STT_16393_DongYen | PT5: STT_16672_HungBinh | PU5: STT_25231_DaKia | PV5: STT_28942_PhuocHiep | PX5: STT_01333_BaoToan | PY5: STT_31405_ThanhHoa | PZ5: STT_01984_DonPhong | QA5: STT_03605_TrungDong | QB5: STT_09175_VeAn | QC5: STT_08509_XuanHuy | QD5: STT_26716_TanPhuoc | QE5: STT_08785_BacBinh | QF5: STT_09037_TrungNguyen | QG5: STT_30049_TanKieu | QH5: STT_31879_HungPhu | QI5: STT_04729_NgocChan | QJ5: STT_31159_ThoiAn | QK5: STT_25906_TanThanh | QL5: STT_00916_NongTruongVietLam | QM5: STT_24424_EaHMLay | QN5: STT_05443_TrungVuong | QO5: STT_15628_LuongSon | QP5: STT_24826_Blao | QQ5: STT_27508_AnNhonTay | QR5: STT_20479_ATing | QS5: STT_11482_KySon | QT5: STT_20377_TamLoc | QU5: STT_30889_GiucTuong | QV5: STT_15004_SonHa | QW5: STT_30421_PhuLam | QX5: STT_14371_YenSon | QY5: STT_07081_BinhKhe | QZ5: STT_19831_PhongBinh | RA5: STT_16900_YenTinh | RB5: STT_27400_11 | RC5: STT_17626_BoiSon | RD5: STT_25468_2 | RE5: STT_09205_YenTrung | RF5: STT_19504_TrungSon | RG5: STT_21619_AnVinh | RH5: STT_25441_MinhHung | RI5: STT_01279_NgocXuan | RJ5: STT_30692_AnBinh | RK5: STT_08719_NgoQuyen | RL5: STT_26692_PhuocHai | RM5: STT_09547_YetKieu | RN5: STT_13984_HongQuang | RO5: STT_06853_VoNgai | RP5: STT_21919_NhonHanh | RQ5: STT_12064_NgocLong | RR5: STT_24940_LacLam | RS5: STT_31954_PhongTan | RT5: STT_30997_HungYen | RU5: STT_19921_PhuDien | RV5: STT_10516_QuangTrung | RW5: STT_30256_TanBinh | RX5: STT_05368_DaPhuc | RY5: STT_03229_LaoXaPhinh | RZ5: STT_12847_AnTan | SA5: STT_31057_HoaChanh | SB5: STT_20908_TraDong | SC5: STT_22447_SonTan | SD5: STT_16027_TienLoc | SE5: STT_31795_VinhHai | SF5: STT_28372_HauMyTrinh | SG5: STT_24316_PongDrang | SH5: STT_13204_HiepHoa | SI5: STT_12349_DiChe | SJ5: STT_07987_PhuLam | SK5: STT_24025_ChuMo | SL5: STT_03474_NamManh | SM5: STT_20212_TanChinh | SN5: STT_31744_LongBinh | SO5: STT_31216_TrungNhut | SP5: STT_02212_NongTien | SQ5: STT_11416_DangHai | SR5: STT_25111_DaOai | SS5: STT_30556_VinhGia | ST5: STT_08557_DongSon | SU5: STT_22540_NinhAn | SV5: STT_02812_SanChai | SW5: STT_30511_NhonHung | SX5: STT_15283_HoatGiang | SY5: STT_27877_ThanhPhu | SZ5: STT_16186_HoaQuy | TA5: STT_22853_BacSon | TB5: STT_27139_VoThiSau | TC5: STT_30013_PhuDuc | TD5: STT_11836_TrungLap | TE5: STT_01801_DucThong | TG5: STT_28750_PhuDong | TH5: STT_20611_DuyHoa | TI5: STT_24592_BuonTriet | TJ5: STT_24617_NghiaTrung | TK5: STT_03697_PaMaPhaKhinh | TL5: STT_13465_LiemThuan | TM5: STT_27838_TanLap | TN5: STT_28882_HoaNghia | TO5: STT_28606_TanBinhThanh | TP5: STT_30289_BinhDuc | TQ5: STT_05671_HoaBinh | TR5: STT_15883_HoangPhu | TS5: STT_08881_HuongDao | TT5: STT_06772_CamPhu | TU5: STT_31031_TanThanh | TV5: STT_12154_DaoDuong | TW5: STT_21865_CatTai | TX5: STT_25564_PhuocMinh | TY5: STT_20410_SonPhong | TZ5: STT_05866_PhucThuan | UA5: STT_08920_BoLy | UB5: STT_09727_XuanDinh | UC5: STT_24130_ThanhNhat | UD5: STT_23491_DakPne | UE5: STT_29977_ThuongLac | UF5: STT_07825_HoangThanh | UG5: STT_11251_DoanTung | UH5: STT_17401_DienYen | UI5: STT_12403_MinhHoang | UJ5: STT_15676_HopLy | UK5: STT_11641_AnTien | UL5: STT_08947_ThienKe | UM5: STT_31597_MyTu | UN5: STT_26392_LocAn | UO5: STT_10132_CaoVien | UP5: STT_26311_QuangTrung | UQ5: STT_06277_TuXuyen | UR5: STT_00388_NamSon | US5: STT_02959_DienQuan | UT5: STT_07771_HuongMai | UU5: STT_22882_PhuocThuan | UV5: STT_16576_HaiNinh | UW5: STT_04597_PhinhHo | UX5: STT_14713_KhanhThinh | UY5: STT_00466_NguyenKhe | UZ5: STT_20056_TrungSon | VA5: STT_27799_BinhTan | VB5: STT_29785_TanLuoc | VC5: STT_21964_PhuocQuang | VD5: STT_23771_IaBa | VE5: STT_06007_VinhTien | VF5: STT_07702_QuynhSon | VG5: STT_03628_PhaMu | VH5: STT_04999_TuSon | VI5: STT_01465_QuangTrung | VJ5: STT_02152_CuongLoi | VK5: STT_10900_CamVan | VL5: STT_27571_TanThoiNhi | VM5: STT_21338_SonMau | VN5: STT_31540_AnLacTay | VO5: STT_11308_HaLy | VP5: STT_20200_HoaMinh | VQ5: STT_29587_AnBinh | VR5: STT_03499_HongThu | VS5: STT_04849_TanPheo | VT5: STT_12598_DanChu | VU5: STT_24064_IaRBol | VV5: STT_31309_TruongLong | VW5: STT_31582_PhuTan | VX5: STT_22057_XuanLoc | VY5: STT_10366_QuangPhuCau | VZ5: STT_28090_BinhTrinhDong | WA5: STT_18127_DauLieu | WB5: STT_23978_IaHla | WC5: STT_29731_HoaThanh | WD5: STT_14767_DienBien | WE5: STT_05518_ThangLoi | WF5: STT_24781_2 | WG5: STT_30828_MyThai | WH5: STT_02098_HoaMuc | WI5: STT_16750_TienPhong | WJ5: STT_17047_DongHop | WK5: STT_11998_VietHung | WL5: STT_06544_KhanhXuan | WM5: STT_24460_HoaTan | WN5: STT_04294_NghiaLoi | WO5: STT_24001_CuAn | WP5: STT_17005_NghiaTien | WQ5: STT_23251_TanDuc | WR5: STT_16291_TanKhang | WS5: STT_19762_ThuanHoa | WT5: STT_30808_BinhAn | WU5: STT_19123_HaTrach | WV5: STT_13396_TuongLinh | WW5: STT_00313_TuongMai | WX5: STT_14164_GiaoThanh | WY5: STT_15142_CamThach | WZ5: STT_23626_TuAn | XA5: STT_13819_PhuHung | XB5: STT_26977_01 | XC5: STT_15073_ThachLap | XD5: STT_22420_CamPhu | XE5: STT_01738_CaThanh | XF5: STT_13678_NangTinh | XG5: STT_19024_QuangChau | XH5: STT_21496_BaDong | XI5: STT_25009_TanChau | XJ5: STT_20770_SongTra | XK5: STT_23734_IaLy | XL5: STT_26128_NuiTuong | XM5: STT_01375_DaThong | XN5: STT_26746_NguyenThaiBinh | XO5: STT_28720_VamLang | XP5: STT_30142_PhuLoi | XQ5: STT_04954_NhuanTrach | XR5: STT_00538_DinhXuyen | XS5: STT_26182_VinhTan | XT5: STT_07255_DongVuong | XU5: STT_25954_BinhThang | XV5: STT_31237_VinhTrinh | XW5: STT_03168_NaKhoa | XX5: STT_21412_DucChanh | XY5: STT_17944_NamXuan | XZ5: STT_23836_DakToPang | YA5: STT_20651_HuongAn | YB5: STT_21562_HaiCang | YC5: STT_26005_TanHoa | YD5: STT_17341_TamSon | YE5: STT_04180_ChiengEn | YF5: STT_23464_NgokTem | YG5: STT_01234_YenThanh | YH5: STT_27271_10 | YI5: STT_16243_MauLam | YJ5: STT_01033_PoLo | YK5: STT_08674_ThanhThuy | YL5: STT_08746_XuanHoa | YM5: STT_09586_SonLoc | YN5: STT_20017_HuongXuan | YO5: STT_05620_YenDo | YP5: STT_02764_DinChin | YQ5: STT_20977_TamSon | YR5: STT_07387_HuongSon | YS5: STT_18868_DongHai | YT5: STT_14635_KimDinh | YU5: STT_14935_DienTrung | YV5: STT_29278_HuyenHoi | YW5: STT_18508_HoaHai | YX5: STT_29470_TanSon | YY5: STT_17278_GiaiXuan | YZ5: STT_03159_PaMy | ZA5: STT_07627_DaiSon | ZB5: STT_14332_BichDao | ZC5: STT_18010_HungTay | ZD5: STT_00190_OChoDua | ZE5: STT_15361_VinhLong | ZF5: STT_23164_HuyKhiem | ZG5: STT_03136_MuongThanh | ZH5: STT_03191_HuoiMi | ZI5: STT_13579_DaoLy | ZJ5: STT_24322_DoanKet | ZK5: STT_21742_MyThang | ZL5: STT_25280_LocThanh | ZM5: STT_30475_OLongVy | ZN5: STT_30742_VinhBao | ZO5: STT_02386_YenLam | ZP5: STT_10618_HiepCat | ZQ5: STT_01546_DucQuang | ZR5: STT_31825_1 | ZS5: STT_08983_TienThang | ZT5: STT_20561_DienThangTrung | ZU5: STT_00259_DongNhan | ZV5: STT_13756_DaiAn | ZW5: STT_21052_BinhChanh
A6: STT_17242_DonPhuc | B6: STT_31264_ThoiHung | C6: STT_11344_CauDat | D6: STT_26881_12 | E6: STT_06082_YenLo | F6: STT_20806_BinhTrieu | G6: STT_08242_TriQuan | H6: STT_25252_BuNho | I6: STT_05551_KimPhuong | J6: STT_05986_HoangDong | K6: STT_11440_NgocSon | L6: STT_19078_QuangPhong | M6: STT_25600_AnCo | N6: STT_17842_NghiDong | O6: STT_25336_ThanhPhu | P6: STT_28225_ThuanMy | Q6: STT_11095_ChiMinh | R6: STT_03334_ThanhXuong | S6: STT_10558_BacAn | T6: STT_18082_DaiNai | U6: STT_17725_ThanhHoa | V6: STT_27610_LeMinhXuan | W6: STT_30604_VinhBinh | X6: STT_06724_HaiSon | Y6: STT_20869_TienLanh | Z6: STT_10288_TriTrung | AA6: STT_06940_QuangMinh | AB6: STT_31357_NhonNghiaA | AC6: STT_03073_NamRang | AE6: STT_11383_HoNam | AF6: STT_16513_QuangMinh | AG6: STT_11773_KhoiNghia | AH6: STT_00010_NguyenTrungTruc | AI6: STT_28819_PhuTuc | AJ6: STT_09511_TanLang | AK6: STT_13522_HungCong | AL6: STT_00169_QuanHoa | AM6: STT_00727_PhoLa | AO6: STT_30091_TanNghia | AP6: STT_11965_QuangTrung | AQ6: STT_29557_3 | AR6: STT_05104_HopPhong | AS6: STT_18691_CamVinh | AT6: STT_20515_DaiDong | AU6: STT_32164_TanDuc | AV6: STT_17143_QuynhVan | AW6: STT_22624_KhanhThuong | AX6: STT_24091_IaMlah | AY6: STT_03661_ChiengDen | AZ6: STT_09091_YenLap | BA6: STT_19378_TrungNam | BB6: STT_24553_EaHu | BC6: STT_13912_NghiaChau | BD6: STT_12487_QuynhTho | BE6: STT_12448_PhuKhanh | BF6: STT_22096_XuanQuang1 | BG6: STT_18253_YenHo | BH6: STT_22984_VinhTan | BI6: STT_14041_TrucTuan | BJ6: STT_14479_GiaVan | BK6: STT_02290_BinhAn | BL6: STT_14863_PuNhi | BM6: STT_05152_QuyetChien | BN6: STT_10831_ThanhAn | BO6: STT_18916_HoaThanh | BP6: STT_01906_KhangNinh | BQ6: STT_02317_YenLap | BR6: STT_28051_MyThanh | BS6: STT_18148_SonLe | BT6: STT_24385_CuHue | BU6: STT_29002_LuongQuoi | BV6: STT_06343_BacQuynh | BW6: STT_29986_AnBinhB | BX6: STT_26086_PhuBinh | BY6: STT_29065_VangQuoiTay | BZ6: STT_24571_DurKMal | CA6: STT_27058_01 | CB6: STT_21025_NguyenNghiem | CC6: STT_11596_TanTien | CD6: STT_21250_NghiaKy | CE6: STT_16732_NghiHuong | CF6: STT_07903_TienCat | CG6: STT_20242_PhuocNinh | CH6: STT_31516_4 | CI6: STT_14542_NinhHoa | CJ6: STT_04240_MuongLeo | CL6: STT_25141_DaLay | CM6: STT_26440_XuanTruong | CN6: STT_25645_LongThanhTrung | CO6: STT_03265_TaMa | CP6: STT_25245_LongGiang | CQ6: STT_29533_LongVinh | CR6: STT_29813_DongThuan | CS6: STT_19699_HaiHung | CT6: STT_06628_DinhLap | CU6: STT_29674_TanAnLuong | CV6: STT_11710_NguPhuc | CW6: STT_12988_DongXuyen | CX6: STT_26485_PhuHoi | CY6: STT_00358_PhuongLiet | CZ6: STT_25792_LongHoa | DA6: STT_13093_HongThai | DB6: STT_23206_NamChinh | DC6: STT_28315_LongChanh | DD6: STT_28915_PhuocMyTrung | DE6: STT_29125_BaoThanh | DF6: STT_12703_DongSon | DG6: STT_26221_PhuHoa | DH6: STT_18370_XuanGiang | DI6: STT_11737_HopDuc | DJ6: STT_09961_CamYen | DK6: STT_28336_PhuMy | DL6: STT_24724_ThuanHanh | DM6: STT_04471_CheCuNha | DN6: STT_23653_SoPai | DO6: STT_31282_DongThuan | DP6: STT_26587_SonBinh | DQ6: STT_23872_IaDom | DR6: STT_26920_25 | DS6: STT_30643_TanMy | DT6: STT_00784_GiangChuPhin | DU6: STT_25831_HungHoa | DV6: STT_25978_HungDinh | DW6: STT_00655_TamHiep | DX6: STT_08803_NhanDao | DY6: STT_09340_HoanSon | DZ6: STT_02035_BanThi | EA6: STT_14104_XuanGiang | EB6: STT_11176_VanPhuc | EC6: STT_05779_PhuCuong | ED6: STT_13336_DuyMinh | EE6: STT_20950_TraLinh | EF6: STT_16954_NghiaSon | EG6: STT_23245_TanHai | EH6: STT_23296_NgoMay | EI6: STT_08467_VanXuan | EJ6: STT_03869_HangDong | EK6: STT_21652_HoaiPhu | EL6: STT_24634_DakPlao | EM6: STT_25501_ThanhTay | EN6: STT_08080_HienLuong | EO6: STT_31093_HamNinh | EP6: STT_25849_HoaLoi | EQ6: STT_22342_XuongHuan | ER6: STT_04513_HoaCuong | ES6: STT_07318_PhucSon | EU6: STT_20452_ANong | EV6: STT_29638_HoaTinh | EW6: STT_05731_ThuongNung | EX6: STT_31381_MaiDam | EY6: STT_31477_LongTri | EZ6: STT_27679_LongHoa | FA6: STT_32245_TanAn | FB6: STT_26635_TanLam | FC6: STT_23417_DakRoOng | FD6: STT_26263_SongTrau | FE6: STT_12034_LongHung | FF6: STT_04075_ViengLan | FG6: STT_31654_TruongKhanh | FH6: STT_09265_PhuongLieu | FI6: STT_20734_PhuocNang | FJ6: STT_03412_BinhLu | FK6: STT_04639_SungDo | FL6: STT_25318_TanThanh | FM6: STT_16792_ChauTien | FN6: STT_32074_BienBachDong | FO6: STT_08305_XuanVien | FP6: STT_30781_TienHai | FQ6: STT_09907_NgocLiep | FR6: STT_31768_TuanTuc | FS6: STT_22504_VanTho | FT6: STT_23689_KonGang | FU6: STT_23020_HaiNinh | FV6: STT_22753_MyHuong | FW6: STT_29917_TanQuyDong | FX6: STT_18772_KyGiang | FY6: STT_22906_PhuocMinh | FZ6: STT_29431_VinhKim | GA6: STT_24221_IaRVe | GB6: STT_01873_XuanLa | GD6: STT_22798_PhuocThanh | GE6: STT_30862_ThanhDongB | GF6: STT_23899_BauCan | GG6: STT_32108_KhanhLoc | GH6: STT_17125_MaiHung | GI6: STT_31630_AnThanh2 | GJ6: STT_09469_DaiLai | GK6: STT_04804_DongTien | GL6: STT_22222_DucBinhDong | GM6: STT_31681_TrungBinh | GN6: STT_04390_AnBinh | GO6: STT_05926_DaoXa | GP6: STT_17518_DucThanh | GQ6: STT_06823_NamKhe | GR6: STT_31135_TanAn | GS6: STT_14884_PhuLe | GT6: STT_15787_ThieuCong | GU6: STT_30967_ThuyLieu | GV6: STT_26809_HiepBinhPhuoc | GW6: STT_10456_MyThanh | GX6: STT_01114_ThenPhang | GY6: STT_25348_MinhDuc | GZ6: STT_27481_TanQuy | HA6: STT_21304_SonLinh | HB6: STT_09382_DongKy | HC6: STT_21454_PhoQuang | HD6: STT_24268_EaTar | HE6: STT_02551_ThuongAm | HF6: STT_28666_BinhNhi | HG6: STT_10030_DongPhuongYen | HH6: STT_32203_HangVinh | HI6: STT_08356_PhuongVi | HJ6: STT_19444_HuongSon | HK6: STT_29389_LuongHoa | HL6: STT_27223_10 | HM6: STT_06913_QuangTan | HN6: STT_24877_RoMen | HO6: STT_25207_TanThanh | HP6: STT_09799_LienHong | HQ6: STT_20125_VinhHien | HR6: STT_05281_VanNghia | HS6: STT_31456_VinhTrung | HT6: STT_02446_TrungTruc | HU6: STT_20317_HoaPhu | HV6: STT_32056_KhanhLam | HW6: STT_25378_TanLoi | HX6: STT_00628_TayMo | HY6: STT_12295_ThoVinh | HZ6: STT_21801_VinhHoa | IA6: STT_21823_BinhThanh | IB6: STT_18328_DucHuong | IC6: STT_24055_IaPiar | ID6: STT_20692_QueLam | IE6: STT_21196_TinhDong | IF6: STT_28123_LongHoa | IG6: STT_11740_TanThanh | IH6: STT_03302_XuanLao | II6: STT_14575_KhanhAn | IJ6: STT_15205_ThachCam | IK6: STT_07009_DoanKet | IL6: STT_14823_PhuSon | IM6: STT_29527_TruongLongHoa | IN6: STT_09847_DucGiang | IO6: STT_06664_HaTu | IP6: STT_23434_KonDao | IQ6: STT_00835_NaKhe | IR6: STT_06199_ThachDan | IS6: STT_23803_DakYa | IT6: STT_26560_PhuocTrung | IU6: STT_25921_KhanhBinh | IV6: STT_03823_MuongTrai | IW6: STT_25531_SuoiNgo | IX6: STT_11929_VanPhong | IY6: STT_22009_CanhThuan | IZ6: STT_31201_PhuThu | JA6: STT_16465_QuangNinh | JB6: STT_23510_DakNgok | JC6: STT_26779_AnPhuDong | JD6: STT_23539_SaSon | JE6: STT_32224_VietThang | JF6: STT_02857_ThaiGiangPho | JG6: STT_24748_QuangTan | JH6: STT_19570_BaLong | JI6: STT_06478_BacThuy | JJ6: STT_24194_CuAMung | JK6: STT_01168_DongTam | JL6: STT_08584_VoMieu | JM6: STT_30223_HoaLong | JN6: STT_16105_NgaThien | JO6: STT_28471_BinhPhu | JP6: STT_11035_GiaKhanh | JR6: STT_13300_TranHungDao | JS6: STT_21379_HanhDuc | JT6: STT_22825_HoaSon | JU6: STT_24250_EaBar | JV6: STT_31178_BuiHuuNghia | JW6: STT_06877_DongNgu | JX6: STT_29878_6 | JY6: STT_08170_DongXuan | JZ6: STT_03408_DongPhong | KA6: STT_29356_LongThoi | KB6: STT_00106_YenPhu | KC6: STT_00889_ThanhVan | KD6: STT_27772_ThaiBinhTrung | KE6: STT_24655_TamThang | KF6: STT_27451_BinhTriDongB | KG6: STT_31333_ViTan | KH6: STT_19216_HaiNinh | KI6: STT_01300_VinhQuang | KJ6: STT_31492_LuongTam | KK6: STT_03736_ChiengNgam | KL6: STT_04264_NguyenPhuc | KM6: STT_21700_DakMang | KN6: STT_02701_YTy | KO6: STT_06142_TanTac | KP6: STT_30917_ThanhBinh | KQ6: STT_10768_TuanViet | KR6: STT_25069_BLa | KS6: STT_04036_ChiengKhoa | KT6: STT_24865_DaSar | KU6: STT_00997_YenPhong | KV6: STT_03997_TanLap | KW6: STT_06985_LuongMong | KX6: STT_00700_NgocDuong | KY6: STT_15415_YenTho | KZ6: STT_02248_YenHoa | LA6: STT_22030_4 | LB6: STT_30349_NhonHoi | LC6: STT_32014_8 | LD6: STT_05413_KhoanDu | LE6: STT_23570_PhuDong | LF6: STT_15511_ThoLoc | LG6: STT_32140_HungMy | LH6: STT_22861_HoHai | LI6: STT_23125_HamKiem | LJ6: STT_22279_HoaXuanTay | LK6: STT_20350_AnSon | LL6: STT_24895_DaDon | LM6: STT_29941_TanThanhB | LN6: STT_19639_TrieuTrach | LO6: STT_28768_5 | LP6: STT_19261_ThanhThuy | LQ6: STT_27658_LongThoi | LR6: STT_31858_VinhLoc | LS6: STT_04315_MinhChuan | LT6: STT_31714_ThanhQuoi | LU6: STT_25870_AnBinh | LV6: STT_27697_3 | LW6: STT_22129_AnDinh | LX6: STT_25756_ChanhNghia | LY6: STT_31985_DienHai | LZ6: STT_03913_HuyBac | MA6: STT_22180_CaLui | MB6: STT_27178_10 | MC6: STT_03010_TrungChai | MD6: STT_19345_4 | ME6: STT_01951_DucVan | MF6: STT_20278_AnHaiTay | MG6: STT_29836_TraCon | MH6: STT_23383_DakDuc | MI6: STT_07537_PhongVan | MJ6: STT_22318_HoaDinhDong | MK6: STT_27316_08 | ML6: STT_25723_GiaBinh | MM6: STT_19978_ThuyLuong | MN6: STT_22270_HoaPhu | MO6: STT_20704_LaDee | MP6: STT_20314_HoaXuan | MQ6: STT_19615_CamHieu | MR6: STT_31072_TanThuan | MS6: STT_03370_PuNhi | MT6: STT_22930_PhuTrinh | MU6: STT_25669_PhuocThanh | MV6: STT_25696_LongKhanh | MW6: STT_28006_TanHoa | MX6: STT_00130_GiaThuy | MY6: STT_27913_MyThanhDong | MZ6: STT_28264_2 | NA6: STT_02917_ThaiNien | NB6: STT_24677_DakNDrot | ND6: STT_18436_KimSongTruong | NE6: STT_18592_ThachLien | NF6: STT_24756_NghiaThang | NG6: STT_06400_YenThinh | NH6: STT_30385_VinhHoa | NI6: STT_00052_HangBo | NJ6: STT_05221_DongTan | NK6: STT_16828_HuoiTu | NL6: STT_18964_ThuanHoa | NM6: STT_14233_HaiMinh | NN6: STT_10693_PhamThai | NO6: STT_23074_DongGiang | NP6: STT_07462_BaoDai | NQ6: STT_20179_HuongXuan | NR6: STT_22666_DienDong | NS6: STT_19882_QuangPhuoc | NT6: STT_27025_PhuThoHoa | NU6: STT_01849_DuongQuang | NV6: STT_02653_PomHan | NX6: STT_09415_DinhTo | NY6: STT_26674_PhuocTinh | NZ6: STT_28447_MyPhuocTay | OA6: STT_27736_HungThanh | OB6: STT_04120_ChiengBan | OC6: STT_24973_NTholHa | OD6: STT_31930_VinhHauA | OE6: STT_24358_TamGiang | OF6: STT_25404_BinhMinh | OG6: STT_28534_ThanCuuNghia | OH6: STT_14398_GiaThuy | OI6: STT_28177_MyLoc | OJ6: STT_29197_MyHung | OK6: STT_01597_CaiBo | OL6: STT_01672_NguLao | OM6: STT_29323_NinhThoi | ON6: STT_31909_HungHoi | OO6: STT_18493_PhuLuu | OP6: STT_18823_KyThinh | OQ6: STT_23950_IaGlai | OR6: STT_07957_VanLung | OS6: STT_29239_1 | OT6: STT_25180_PhuocCat | OU6: STT_07150_CongHoa | OV6: STT_26518_5 | OW6: STT_27946_AnNinhTay | OX6: STT_15046_TanPhuc | OY6: STT_24505_EaKNuec | OZ6: STT_30328_VinhNguon | PA6: STT_10198_HoaBinh | PB6: STT_31414_TanThanh | PC6: STT_10966_TanViet | PD6: STT_12118_NhanHoa | PE6: STT_03445_MuongTe | PF6: STT_07216_MyDo | PG6: STT_30184_LongHungA | PH6: STT_26344_XuanMy | PI6: STT_23356_DakChoong | PJ6: STT_24699_TanThanh | PK6: STT_27820_TanLap | PL6: STT_09637_ChauSon | PM6: STT_22729_SonTrung | PN6: STT_27361_05 | PO6: STT_00607_TayTuu | PP6: STT_21130_TraPhu | PQ6: STT_12220_OngDinh | PR6: STT_03559_PaVaySu | PS6: STT_16399_DongMinh | PT6: STT_16673_HungPhuc | PU6: STT_25232_PhuocMinh | PV6: STT_28945_BinhKhanh | PX6: STT_01336_KhanhXuan | PY6: STT_31408_LongThanh | PZ6: STT_01990_LucBinh | QA6: STT_03607_HoMit | QB6: STT_09178_TienAn | QC6: STT_08512_ThachSon | QD6: STT_26719_MyXuan | QE6: STT_08788_ThaiHoa | QF6: STT_09040_TeLo | QG6: STT_30052_MyHoa | QH6: STT_31882_VinhThanh | QI6: STT_04732_TanNguyen | QJ6: STT_31162_PhuocThoi | QK6: STT_25907_DatCuoc | QL6: STT_00919_MinhTan | QM6: STT_24427_KrongJing | QN6: STT_05446_QuangTrung | QO6: STT_15631_XuanCao | QP6: STT_24829_LocSon | QQ6: STT_27511_NhuanDuc | QR6: STT_20482_Tu | QS6: STT_11485_LienKhe | QT6: STT_20380_TamPhuoc | QU6: STT_30892_VinhHoaHiep | QV6: STT_15007_TamThanh | QW6: STT_30424_PhuHiep | QX6: STT_14374_YenBinh | QY6: STT_07084_VietDan | QZ6: STT_19834_DienHoa | RA6: STT_16903_NgaMy | RB6: STT_27403_09 | RC6: STT_17629_HongSon | RD6: STT_25471_ThanhTan | RE6: STT_09208_ThuyHoa | RF6: STT_19507_PhongBinh | RG6: STT_21622_AnToan | RH6: STT_25444_MinhLong | RI6: STT_01282_DeTham | RJ6: STT_30694_VinhPhu | RK6: STT_08722_DongTam | RL6: STT_26695_LongTan | RM6: STT_09550_QuangTrung | RN6: STT_13987_TanThinh | RO6: STT_06856_LucHon | RP6: STT_21922_NhonHau | RQ6: STT_12067_LieuXa | RR6: STT_24943_KaDo | RS6: STT_31957_TanPhong | RT6: STT_31000_NamThai | RU6: STT_19927_PhuMy | RV6: STT_10519_NguyenTrai | RW6: STT_30259_TanPhuTrung | RX6: STT_05371_HuuLoi | RY6: STT_03232_TaPhin | RZ6: STT_12850_ThuyNinh | SA6: STT_31066_MinhThuan | SB6: STT_20911_TraDuong | SC6: STT_22450_CamHiepBac | SD6: STT_16030_LocSon | SE6: STT_31798_LacHoa | SF6: STT_28375_HauMyPhu | SG6: STT_24317_TanLap | SH6: STT_13207_PhucThanh | SI6: STT_12352_LeXa | SJ6: STT_07993_MinhLuong | SK6: STT_24028_IaTul | SL6: STT_03475_NamHang | SM6: STT_20215_ChinhGian | SN6: STT_31747_3 | SO6: STT_31217_ThanhHoa | SP6: STT_02215_La | SQ6: STT_11419_NamHai | SR6: STT_25114_DaPloa | SS6: STT_30559_VinhPhuoc | ST6: STT_08560_LaiDong | SU6: STT_22543_NinhHai | SV6: STT_02818_LungThan | SW6: STT_30514_AnPhu | SX6: STT_15286_YenDuong | SY6: STT_27880_ThuanNghiaHoa | SZ6: STT_16195_CatVan | TA6: STT_22856_BacPhong | TB6: STT_27142_09 | TC6: STT_30016_PhuThanhB | TD6: STT_11839_VietTien | TE6: STT_01804_ThaiCuong | TG6: STT_28753_PhuTan | TH6: STT_20614_DuyChau | TI6: STT_24595_BuonTria | TJ6: STT_24618_DakRMoan | TK6: STT_03700_ChiengOn | TL6: STT_13468_ThanhThuy | TM6: STT_27841_HauThanhDong | TN6: STT_28885_LongThoi | TO6: STT_28609_PhuKiet | TP6: STT_30292_BinhKhanh | TQ6: STT_05674_QuangSon | TR6: STT_15886_HoangQuy | TS6: STT_08884_DaoTu | TT6: STT_06775_CamTay | TU6: STT_31033_DongHung | TV6: STT_12157_TanPhuc | TW6: STT_21868_CatLam | TX6: STT_25567_BauNang | TY6: STT_20413_CamChau | TZ6: STT_05869_HongTien | UA6: STT_08923_DaiDinh | UB6: STT_09733_SenPhuong | UC6: STT_24133_ThangLoi | UD6: STT_23494_DakToRe | UE6: STT_29980_LongKhanhA | UF6: STT_07828_HoangAn | UG6: STT_11254_HongQuang | UH6: STT_17404_DienHoang | UI6: STT_12406_DoanDao | UJ6: STT_15679_HopTien | UK6: STT_11644_QuangHung | UL6: STT_08950_HuongSon | UM6: STT_31603_MyPhuoc | UN6: STT_26395_BinhSon | UO6: STT_10135_BinhMinh | UP6: STT_26314_BauHam2 | UQ6: STT_06280_DiemHe | UR6: STT_00391_TrungGia | US6: STT_02962_XuanHoa | UT6: STT_07774_TuLan | UU6: STT_22888_AnHai | UV6: STT_16579_AnhSon | UW6: STT_04600_TramTau | UX6: STT_14719_YenPhong | UY6: STT_00469_NamHong | UZ6: STT_20059_HuongNguyen | VA6: STT_27805_TuyenThanh | VB6: STT_29788_NguyenVanThanh | VC6: STT_21967_PhuocHoa | VD6: STT_23773_IaKhai | VE6: STT_06010_CaoMinh | VF6: STT_07708_NoiHoang | VG6: STT_03631_MuongCang | VH6: STT_05005_VinhTien | VI6: STT_01468_QuangVinh | VJ6: STT_02155_YenLac | VK6: STT_10903_NgocLien | VL6: STT_27574_ThoiTamThon | VM6: STT_21340_SonDung | VN6: STT_31543_TrinhPhu | VO6: STT_11311_MinhKhai | VQ6: STT_29590_ThanhDuc | VR6: STT_03505_PhangSoLin | VS6: STT_04852_DongChum | VT6: STT_12601_CanhTan | VU6: STT_24065_ChuBah | VV6: STT_31312_MyKhanh | VW6: STT_31585_ThienMy | VX6: STT_22060_XuanBinh | VY6: STT_10369_TruongThinh | VZ6: STT_28093_TanPhuocTay | WA6: STT_18130_ThuanLoc | WB6: STT_23980_ChuDon | WC6: STT_29734_HoaLoc | WD6: STT_14770_PhuSon | WE6: STT_05521_PhoCo | WF6: STT_24784_1 | WG6: STT_30829_NamThaiSon | WH6: STT_02101_ThanhMai | WI6: STT_16753_NamGiai | WJ6: STT_17050_ChauThanh | WK6: STT_12001_TanQuang | WL6: STT_06547_TuMich | WM6: STT_24463_HoaPhong | WN6: STT_04297_NghiaPhuc | WO6: STT_24004_TanAn | WP6: STT_17008_NghiaMy | WQ6: STT_23254_TanThang | WR6: STT_16294_HoangGiang | WS6: STT_19768_DongBa | WT6: STT_30809_BinhTri | WU6: STT_19126_BacTrach | WV6: STT_13399_NhatTuu | WW6: STT_00316_DaiKim | WX6: STT_14167_GiaoThuy | WY6: STT_15145_CamLien | WZ6: STT_23627_XuanAn | XA6: STT_13822_YenChinh | XB6: STT_26980_03 | XC6: STT_15076_VanAm | XD6: STT_22423_BaNgoi | XE6: STT_01744_VuNong | XF6: STT_13681_QuangTrung | XG6: STT_19027_QuangThach | XH6: STT_21499_BaDinh | XI6: STT_25012_TanNghia | XJ6: STT_20773_PhuocTra | XK6: STT_23737_IaMoNong | XL6: STT_26131_TaLai | XM6: STT_01378_NgocDong | XN6: STT_26749_PhamNguLao | XO6: STT_28723_TanTay | XP6: STT_30145_TanMy | XQ6: STT_04957_CaoSon | XR6: STT_00541_DuongHa | XS6: STT_26185_BinhLoi | XT6: STT_07258_DongHuu | XU6: STT_25957_DongHoa | XV6: STT_31240_ThanhAn | XW6: STT_03169_NaHy | XX6: STT_21415_DucHiep | XY6: STT_17947_NamThai | XZ6: STT_23839_SRo | YA6: STT_20659_QueHiep | YB6: STT_21565_QuangTrung | YC6: STT_26008_TanHiep | YD6: STT_17344_DinhSon | YE6: STT_04183_MuongLam | YF6: STT_23467_PoE | YG6: STT_01237_YenBinh | YH6: STT_27277_18 | YI6: STT_16246_XuanKhang | YJ6: STT_01036_BanPhung | YK6: STT_08677_SonThuy | YL6: STT_08747_DongXuan | YM6: STT_09589_XuanKhanh | YN6: STT_20020_HuongChu | YO6: STT_05623_YenLac | YP6: STT_02767_TaGiaKhau | YQ6: STT_20980_TamThanh | YR6: STT_07390_DaoMy | YS6: STT_18871_DongSon | YT6: STT_14638_AnHoa | YU6: STT_14938_ThanhSon | YV6: STT_29281_TanAn | YW6: STT_18514_PhucDong | YX6: STT_29473_AnQuangHuu | YY6: STT_17281_NghiaBinh | YZ6: STT_03160_MuongNhe | ZA6: STT_07630_PhucSon | ZB6: STT_14335_PhucThanh | ZC6: STT_18016_HungDao | ZD6: STT_00193_VanChuong | ZE6: STT_15364_VinhPhuc | ZF6: STT_23167_MangTo | ZG6: STT_03139_NamThanh | ZH6: STT_03193_PaHam | ZI6: STT_13582_CongLy | ZJ6: STT_24325_EaBlang | ZK6: STT_21745_MyLoc | ZL6: STT_25282_LocHiep | ZM6: STT_30478_VinhThanhTrung | ZN6: STT_30745_VinhLac | ZO6: STT_02389_MinhDan | ZP6: STT_10621_ThanhQuang | ZQ6: STT_01549_KimLoan | ZR6: STT_31828_8 | ZS6: STT_08986_TuLap | ZT6: STT_20562_DienThangNam | ZU6: STT_00262_PhoHue | ZV6: STT_13762_CongHoa | ZW6: STT_21055_BinhNguyen
A7: STT_17245_MauDuc | B7: STT_31273_DongHiep | C7: STT_11347_GiaVien | D7: STT_26882_14 | E7: STT_06085_ThienHoa | F7: STT_20809_BinhDao | G7: STT_08245_TrungGiap | H7: STT_25255_LongHa | I7: STT_05554_BaoLinh | J7: STT_05989_QuangLac | K7: STT_11443_TranThanhNgo | L7: STT_19081_QuangThuan | M7: STT_25603_BienGioi | N7: STT_17845_NghiThiet | P7: STT_28228_HiepThanh | Q7: STT_11098_TaiSon | R7: STT_03337_ThanhChan | S7: STT_10561_HungDao | T7: STT_18085_HaHuyTap | U7: STT_17728_PhongThinh | V7: STT_27613_TanNhut | W7: STT_30607_BinhHoa | X7: STT_06727_BacSon | Y7: STT_20872_TienNgoc | Z7: STT_10291_DaiThang | AA7: STT_06943_QuangChinh | AB7: STT_31359_RachGoi | AC7: STT_03076_NamChay | AE7: STT_11386_TraiCau | AF7: STT_16516_QuangHung | AG7: STT_11776_TienThanh | AH7: STT_00013_QuanThanh | AI7: STT_28822_PhuDuc | AJ7: STT_09514_QuangPhu | AK7: STT_13525_DonXa | AL7: STT_00172_YenHoa | AM7: STT_00730_ThaiPhinTung | AO7: STT_30094_PhuongTra | AP7: STT_11968_HongChau | AQ7: STT_29560_8 | AR7: STT_05110_TayPhong | AS7: STT_18694_CamThanh | AT7: STT_20518_DaiQuang | AU7: STT_32167_TanThuan | AV7: STT_17146_NgocSon | AW7: STT_22627_KhanhNam | AX7: STT_24094_ChuDrang | AY7: STT_03664_ChiengXom | AZ7: STT_09094_VietXuan | BA7: STT_19384_KimThach | BB7: STT_24561_DrayBhang | BC7: STT_13915_NghiaTrung | BD7: STT_12490_AnHiep | BE7: STT_12451_TienPhong | BF7: STT_22099_XuanSonBac | BG7: STT_18259_Tungnh | BH7: STT_22987_PhuLac | BI7: STT_14044_VietHung | BJ7: STT_14482_GiaPhu | BK7: STT_02293_HongQuang | BL7: STT_14864_NhiSon | BM7: STT_05158_PhongPhu | BN7: STT_10834_ThanhLang | BO7: STT_18919_HoaTien | BP7: STT_01909_NamMau | BQ7: STT_02320_TanAn | BR7: STT_28054_BinhAn | BS7: STT_18157_SonGiang | BT7: STT_24388_EaTih | BU7: STT_29005_LuongPhu | BV7: STT_06349_HungVu | BW7: STT_29989_AnBinhA | BX7: STT_26089_BinhLoc | BY7: STT_29068_VangQuoiDong | BZ7: STT_24574_BinhHoa | CA7: STT_27061_02 | CB7: STT_21028_NghiaLo | CC7: STT_11599_AnHung | CD7: STT_21259_NghiaSon | CE7: STT_16735_NghiThu | CF7: STT_07906_ThoSon | CG7: STT_20245_HoaThuanTay | CH7: STT_31519_3 | CI7: STT_14545_NinhXuan | CJ7: STT_04243_MuongVa | CL7: STT_25147_TrieuHai | CM7: STT_26443_XuanHoa | CN7: STT_25648_TruongTay | CO7: STT_03268_MuongMun | CP7: STT_25249_PhuocTin | CQ7: STT_29536_DongHai | CR7: STT_29815_MyHoa | CS7: STT_19702_HaiPhu | CT7: STT_06631_ThaiBinh | CU7: STT_29677_ThanhBinh | CV7: STT_11713_KienQuoc | CW7: STT_12991_TayLuong | CX7: STT_26488_PhuThanh | CY7: STT_00361_HaDinh | CZ7: STT_25795_DinhThanh | DA7: STT_13096_BinhNguyen | DB7: STT_23212_DucHanh | DC7: STT_28318_LongHoa | DD7: STT_28918_TanThanhBinh | DE7: STT_29128_AnPhuTrung | DF7: STT_12706_DongCuong | DG7: STT_26224_NgocDinh | DH7: STT_18373_TienDien | DJ7: STT_09964_LaiThuong | DK7: STT_28339_TanHoaThanh | DL7: STT_24727_DakNDung | DM7: STT_04474_LaoChai | DN7: STT_23656_LoKu | DO7: STT_31285_ThoiTan | DP7: STT_26590_BinhGia | DQ7: STT_23875_IaLang | DR7: STT_26923_05 | DS7: STT_30646_LongDienB | DT7: STT_00787_SungTra | DU7: STT_25834_LaiHung | DV7: STT_25981_AnSon | DW7: STT_00658_TuHiep | DX7: STT_08806_DonNhan | DY7: STT_09343_LacVe | DZ7: STT_02038_QuangBach | EA7: STT_14110_XuanTan | EB7: STT_11179_TanHuong | EC7: STT_05782_NaMao | ED7: STT_13339_MocNam | EE7: STT_20953_TraNam | EF7: STT_16957_NghiaLoi | EG7: STT_23246_TanTien | EH7: STT_23299_ThongNhat | EI7: STT_08470_QuangHuc | EJ7: STT_03871_PacNga | EK7: STT_21655_TamQuanBac | EL7: STT_24637_DakSom | EM7: STT_25504_HoaHiep | EN7: STT_08089_PhuongVien | EO7: STT_31096_DuongTo | EP7: STT_25852_TanDinh | EQ7: STT_22345_VanThang | ER7: STT_04516_MinhQuan | ES7: STT_07321_AnDuong | EU7: STT_20455_ATieng | EV7: STT_29641_CaiNhum | EW7: STT_05734_PhuThuong | EX7: STT_31384_DongPhuoc | EY7: STT_31478_LongTriA | EZ7: STT_27682_LyNhon | FA7: STT_32248_DatMui | FB7: STT_26638_BauLam | FC7: STT_23419_DakToKan | FD7: STT_26266_DongHoa | FE7: STT_12037_VinhKhuc | FF7: STT_04078_ChiengHac | FG7: STT_31657_PhuHuu | FH7: STT_09268_QueTan | FI7: STT_20737_PhuocMy | FJ7: STT_03413_SonBinh | FK7: STT_04642_NamMuoi | FL7: STT_25321_TanTien | FM7: STT_16795_ChauHanh | FN7: STT_32077_ThoiBinh | FO7: STT_08308_XuanThuy | FP7: STT_30784_ThuanYen | FQ7: STT_09910_NgocMy | FR7: STT_31771_VinhThanh | FS7: STT_22507_VanKhanh | FT7: STT_23692_HaBau | FU7: STT_23023_SongLuy | FV7: STT_22756_TanTai | FW7: STT_29919_AnHoa | FX7: STT_18775_KyDong | FY7: STT_22909_PhuocDiem | FZ7: STT_29434_KimHoa | GA7: STT_24223_EaLe | GB7: STT_01876_AnThang | GD7: STT_22801_PhuocDai | GE7: STT_30865_ThanhDong | GF7: STT_23902_IaPhin | GG7: STT_32110_KhanhBinh | GH7: STT_17128_QuynhDi | GI7: STT_31633_AnThanh3 | GJ7: STT_09472_SongGiang | GK7: STT_04807_PhuongLam | GL7: STT_22225_EaBar | GM7: STT_31687_TaiVan | GN7: STT_04393_QuangMinh | GO7: STT_05929_BaoLy | GP7: STT_17521_KimThanh | GQ7: STT_06826_YenThanh | GR7: STT_31141_AnPhu | GS7: STT_14887_PhuSon | GT7: STT_15793_ThieuLong | GU7: STT_30970_VinhHoaHungNam | GV7: STT_26812_HiepBinhChanh | GW7: STT_10459_BotXuyen | GX7: STT_01117_TrungThinh | GY7: STT_25349_MinhTam | GZ7: STT_27484_PhuThuan | HA7: STT_21307_SonGiang | HB7: STT_09383_TrangHa | HC7: STT_21457_PhoNhon | HD7: STT_24271_CuDlieMnong | HE7: STT_02554_BinhYen | HF7: STT_28669_YenLuong | HG7: STT_10033_PhuNghia | HH7: STT_32206_TamGiang | HI7: STT_08362_ThuyLieu | HJ7: STT_19447_HuongLinh | HK7: STT_29392_SongLoc | HL7: STT_27226_13 | HM7: STT_06916_DamHa | HN7: STT_24886_PhiLieng | HO7: STT_25210_TienThanh | HP7: STT_09802_LienHa | HQ7: STT_20128_LocBon | HR7: STT_05284_VanSon | HS7: STT_31459_VinhTuong | HT7: STT_02449_XuanVan | HU7: STT_20320_HoaPhong | HV7: STT_32059_KhanhAn | HW7: STT_25381_TanLap | HX7: STT_00631_MeTri | HY7: STT_12298_DongThanh | HZ7: STT_21802_VinhThinh | IA7: STT_21826_TayAn | IB7: STT_18331_DucBong | IC7: STT_24058_IaPeng | IE7: STT_21205_TinhBac | IF7: STT_28126_LongCang | IH7: STT_03307_ngNua | II7: STT_14578_KhanhCuong | IJ7: STT_15208_ThachSon | IK7: STT_07012_HaLong | IL7: STT_14824_QuangTrung | IM7: STT_29539_HiepThanh | IN7: STT_09850_CatQue | IO7: STT_06667_HaTrung | IP7: STT_23437_TanCanh | IQ7: STT_00838_SungThai | IR7: STT_06202_XuatLe | IS7: STT_23806_DakDjrang | IT7: STT_26563_LongHuong | IU7: STT_25924_PhuChanh | IV7: STT_03826_NamPam | IW7: STT_25534_SuoiDay | IX7: STT_11932_PhuLong | IY7: STT_22012_CanhHoa | IZ7: STT_31204_TanPhu | JA7: STT_16468_QuangBinh | JB7: STT_23512_DakMar | JC7: STT_26782_TanThoiHiep | JD7: STT_23542_SaNghia | JE7: STT_32227_TanHungTay | JF7: STT_02863_HoangThuPho | JH7: STT_19576_BaNang | JI7: STT_06481_ChienThang | JJ7: STT_24196_CuMot | JK7: STT_01171_TanQuang | JL7: STT_08587_ThachKhoan | JM7: STT_30226_TanThanh | JN7: STT_16108_NgaTien | JO7: STT_28489_CamSon | JP7: STT_11038_GiaLuong | JR7: STT_13303_LamHa | JS7: STT_21382_HanhMinh | JT7: STT_22828_MaNoi | JU7: STT_24253_EaNuol | JV7: STT_31180_LongHoa | JW7: STT_06880_YenThan | JX7: STT_29881_MyNgai | JY7: STT_08173_QuangYen | JZ7: STT_03409_SanThang | KA7: STT_29359_HungHoa | KB7: STT_00109_Buoi | KC7: STT_00892_TungVai | KD7: STT_27775_VinhBinh | KE7: STT_24658_CuKnia | KF7: STT_27454_TanTao | KG7: STT_31336_HoaLuu | KH7: STT_19219_HamNinh | KI7: STT_01303_QuangLam | KJ7: STT_31493_LuongNghia | KK7: STT_03739_LiepTe | KL7: STT_04267_HongHa | KM7: STT_21703_AnTin | KN7: STT_02704_CocMy | KO7: STT_06148_ThanhLong | KP7: STT_30919_BanThach | KQ7: STT_10771_KimXuyen | KR7: STT_25072_LocNgai | KS7: STT_04039_MuongMen | KU7: STT_01000_LacNong | KV7: STT_04000_NaMuong | KW7: STT_06988_DonDac | KX7: STT_00946_PhuongDo | KY7: STT_15418_YenTrung | KZ7: STT_02254_HongThai | LA7: STT_22033_5 | LB7: STT_30352_PhuHuu | LC7: STT_32017_6 | LD7: STT_05419_DongTam | LE7: STT_23572_HoaLu | LF7: STT_15514_XuanTruong | LG7: STT_32141_HoaMy | LH7: STT_22864_TriHai | LI7: STT_23128_HamCuong | LJ7: STT_22282_HoaHiepNam | LK7: STT_20353_TruongXuan | LL7: STT_24898_PhucTho | LM7: STT_29944_TanPhuoc | LN7: STT_19642_TrieuThuan | LO7: STT_28777_AnHoi | LP7: STT_19264_AnThuy | LQ7: STT_27661_HiepPhuoc | LR7: STT_31861_VinhLocA | LS7: STT_04321_KhaiTrung | LT7: STT_31717_HoaTu1 | LU7: STT_25873_TanHiep | LV7: STT_27698_7 | LW7: STT_22132_AnNghiep | LX7: STT_25759_DinhHoa | LY7: STT_31987_AnTrach | LZ7: STT_03916_HuyThuong | MA7: STT_22183_SonPhuoc | MB7: STT_27181_09 | MC7: STT_03013_TaPhin | MD7: STT_19348_5 | ME7: STT_01954_VanTung | MF7: STT_20281_AnHaiDong | MG7: STT_29839_TanMy | MH7: STT_23386_DakNong | MI7: STT_07540_XaLy | MJ7: STT_22319_PhuHoa | MK7: STT_27322_07 | ML7: STT_25729_PhuocBinh | MM7: STT_19984_ThuyTan | MN7: STT_22273_HoaTanTay | MO7: STT_20705_DacToi | MQ7: STT_19618_CamChinh | MR7: STT_31074_PhongDong | MS7: STT_03371_NongU | MT7: STT_22933_XuanAn | MU7: STT_25672_PhuocDong | MV7: STT_25699_LoiThuan | MW7: STT_28009_TanBuu | MX7: STT_00133_NgocLam | MY7: STT_27916_BinhThanh | MZ7: STT_28267_8 | NA7: STT_02920_PhongNien | NB7: STT_24678_LongSon | ND7: STT_18439_ThuongNga | NE7: STT_18595_DinhBan | NF7: STT_24757_DaoNghia | NG7: STT_06403_YenSon | NH7: STT_30387_TanThanh | NI7: STT_00055_CuaDong | NJ7: STT_05224_CunPheo | NK7: STT_16831_MuongLong | NL7: STT_18967_LamHoa | NM7: STT_14236_HaiAnh | NN7: STT_10696_DuyTan | NO7: STT_23077_HamPhu | NP7: STT_07465_ThanhLam | NQ7: STT_20182_HuongHuu | NR7: STT_22669_DienPhu | NS7: STT_19885_QuangVinh | NT7: STT_27028_PhuThanh | NU7: STT_01852_NongThuong | NV7: STT_02656_XuanTang | NX7: STT_09418_AnBinh | NY7: STT_26677_PhuocHung | NZ7: STT_28450_MyHanhDong | OA7: STT_27739_VinhThanh | OB7: STT_04123_ChiengMung | OC7: STT_24976_TanHoi | OD7: STT_31933_VinhMyA | OE7: STT_24359_EaPuk | OF7: STT_25405_BomBo | OG7: STT_28537_TamHiep | OH7: STT_14401_GiaTuong | OI7: STT_28180_PhuocLai | OJ7: STT_29200_AnThanh | OK7: STT_01603_PhucSen | OL7: STT_01675_TruongLuong | OM7: STT_29326_PhongPhu | ON7: STT_31912_ChauThoi | OO7: STT_18568_LocHa | OP7: STT_18829_KyHoa | OQ7: STT_23953_ALBa | OR7: STT_07960_ThanhMinh | OS7: STT_29242_3 | OT7: STT_25183_DucPho | OU7: STT_07153_TienAn | OV7: STT_26521_ThangNhi | OW7: STT_27949_TanMy | OX7: STT_15049_TamVan | OY7: STT_24508_EaYong | OZ7: STT_30334_VinhChau | PA7: STT_10201_VanBinh | PC7: STT_10969_ThucKhang | PD7: STT_12121_DiSu | PE7: STT_03448_PaVeSu | PF7: STT_07219_LeLoi | PG7: STT_30187_VinhThanh | PH7: STT_26347_ThuaDuc | PI7: STT_23359_Xop | PJ7: STT_24700_DakDro | PK7: STT_27823_TanThanh | PL7: STT_09640_PhongVan | PM7: STT_22732_BaCumBac | PN7: STT_27364_11 | PO7: STT_00610_XuanDinh | PP7: STT_21133_TraLam | PQ7: STT_12223_TanDan | PR7: STT_03562_VangMaChai | PS7: STT_16402_DongThanh | PT7: STT_16675_HungDung | PU7: STT_25234_BinhThang | PV7: STT_28951_AnThanh | PX7: STT_01339_XuanTruong | PY7: STT_31417_PhungHiep | PZ7: STT_01993_TanTu | QA7: STT_03610_NamCan | QB7: STT_09181_DaiPhuc | QC7: STT_08518_SonVi | QD7: STT_26722_SongXoai | QE7: STT_08789_HoaSon | QF7: STT_09043_TamHong | QG7: STT_30055_MyQuy | QH7: STT_31885_PhongThanhTayA | QI7: STT_04735_PhucNinh | QJ7: STT_31165_TruongLac | QK7: STT_25908_HieuLiem | QL7: STT_00922_ThuanHoa | QM7: STT_24430_EaMDoal | QN7: STT_05449_PhanDinhPhung | QO7: STT_15634_LuanThanh | QP7: STT_24832_DamBri | QQ7: STT_27514_PhamVanCoi | QR7: STT_20485_Ba | QS7: STT_11488_LuuKiem | QT7: STT_20383_TamVinh | QU7: STT_30893_VinhHoaPhu | QV7: STT_15010_SonThuy | QW7: STT_30427_PhuThanh | QX7: STT_14375_TanBinh | QY7: STT_07087_TanViet | QZ7: STT_19837_PhongChuong | RA7: STT_16904_XiengMy | RB7: STT_27406_10 | RC7: STT_17632_BaiSon | RD7: STT_25474_TanBinh | RE7: STT_09211_HoaTien | RF7: STT_19510_GioMy | RG7: STT_21625_AnTan | RH7: STT_25447_MinhThanh | RI7: STT_01285_HoaChung | RJ7: STT_30697_VinhTrach | RK7: STT_08725_DinhTrung | RL7: STT_26698_LangDai | RM7: STT_09551_LaKhe | RN7: STT_13990_NamCuong | RO7: STT_06859_HucDong | RP7: STT_21925_NhonPhong | RQ7: STT_12070_HoanLong | RR7: STT_24946_QuangLap | RS7: STT_31960_PhongThanh | RT7: STT_31003_NamThaiA | RU7: STT_19933_PhuHo | RV7: STT_10522_PhamNguLao | RW7: STT_30262_PhuLong | RX7: STT_05374_LacThinh | RY7: STT_03235_TuaThang | RZ7: STT_12853_ThuyHung | SB7: STT_20914_TraGiang | SC7: STT_22453_CamDuc | SD7: STT_16033_CauLoc | SE7: STT_31801_2 | SF7: STT_28378_MyTan | SG7: STT_24319_EaNgai | SH7: STT_13210_TanPhong | SI7: STT_12355_AnVien | SJ7: STT_07996_BangDoan | SK7: STT_24031_IaMaRon | SL7: STT_03481_LeLoi | SM7: STT_20218_VinhTrung | SN7: STT_31750_MyBinh | SO7: STT_31219_TrungKien | SP7: STT_02216_TanHa | SQ7: STT_11422_CatBi | SR7: STT_25117_MaDaGuoi | SS7: STT_30562_ChauLang | ST7: STT_08566_TanPhu | SU7: STT_22546_NinhTho | SV7: STT_02821_CanCau | SW7: STT_30517_ThoiSon | SX7: STT_15292_HaGiang | SY7: STT_27883_ThuyDong | SZ7: STT_16198_CatTan | TB7: STT_27145_10 | TC7: STT_30019_AnHoa | TD7: STT_11842_VinhAn | TE7: STT_01807_VanTrinh | TH7: STT_20617_DuyTrinh | TI7: STT_24598_DakPhoi | TJ7: STT_24619_QuangThanh | TK7: STT_03703_MuongGiang | TL7: STT_13471_ThanhPhong | TM7: STT_27844_NhonHoa | TN7: STT_28888_PhuSon | TO7: STT_28612_LuongHoaLac | TP7: STT_30295_MyPhuoc | TQ7: STT_05677_MinhLap | TR7: STT_15889_HoangKim | TS7: STT_08887_AnHoa | TT7: STT_06778_QuangHanh | TU7: STT_31036_DongHungA | TV7: STT_12160_VanDu | TW7: STT_21871_CatHanh | TX7: STT_25570_ChaLa | TY7: STT_20416_CuaDai | TZ7: STT_05872_MinhDuc | UA7: STT_08926_TamQuan | UB7: STT_09739_VongXuyen | UC7: STT_24136_TanLoi | UD7: STT_23497_TanLap | UE7: STT_29983_LongKhanhB | UF7: STT_07831_NgocSon | UG7: STT_11257_TanTrao | UH7: STT_17407_DienHung | UI7: STT_12409_TongPhan | UJ7: STT_15682_HopThanh | UK7: STT_11647_QuangTrung | UL7: STT_08953_TamHop | UM7: STT_31606_ThuanHung | UN7: STT_26398_TamAn | UO7: STT_10138_TamHung | UP7: STT_26317_HungLoc | UQ7: STT_06283_AnSon | UR7: STT_00394_TanHung | US7: STT_02965_TanDuong | UT7: STT_07777_BichDong | UU7: STT_22891_PhuocHuu | UV7: STT_16582_NgocLinh | UW7: STT_04603_TaSiLang | UX7: STT_14722_YenHoa | UY7: STT_00472_TienDuong | UZ7: STT_20065_HongBac | VA7: STT_27806_3 | VB7: STT_29791_ThanhLoi | VC7: STT_21970_PhuocSon | VD7: STT_23776_IaKRai | VE7: STT_06013_ChiMinh | VF7: STT_07711_TienPhong | VG7: STT_03632_HuaNa | VH7: STT_05014_DongBac | VI7: STT_01471_CaoChuong | VJ7: STT_02158_KimLu | VK7: STT_10906_ThachLoi | VL7: STT_27577_XuanThoiSon | VM7: STT_21341_SonLong | VN7: STT_31546_BaTrinh | VO7: STT_11314_TraiChuoi | VQ7: STT_29593_TanHanh | VR7: STT_03508_MaQuai | VS7: STT_04855_TanMinh | VT7: STT_12604_HoaTien | VU7: STT_24070_IaRTo | VV7: STT_31315_NhonNghia | VW7: STT_31594_AnHiep | VX7: STT_22066_XuanCanh | VY7: STT_10372_CaoThanh | VZ7: STT_28096_BinhLang | WB7: STT_23983_IaPhang | WC7: STT_29737_PhuLoc | WD7: STT_14773_LamSon | WE7: STT_05527_TanQuang | WF7: STT_24787_6 | WG7: STT_30832_MyHiepSon | WH7: STT_02104_CaoKy | WI7: STT_16756_TriLe | WJ7: STT_17053_LienHop | WK7: STT_12004_DinhDu | WL7: STT_06550_HuuKhanh | WM7: STT_24466_HoaLe | WN7: STT_04300_NghiaAn | WO7: STT_24007_PhuAn | WP7: STT_17011_TayHieu | WQ7: STT_23255_ThangHai | WR7: STT_16297_TrungChinh | WS7: STT_19774_KimLong | WT7: STT_30811_SonHai | WU7: STT_19129_LamTrach | WV7: STT_13402_NhatTan | WW7: STT_00319_TanMai | WX7: STT_14170_BinhHoa | WY7: STT_15148_CamGiang | WZ7: STT_23629_CuuAn | XA7: STT_13825_YenBinh | XB7: STT_26983_11 | XC7: STT_15079_CaoNgoc | XD7: STT_22426_CamThuan | XE7: STT_01747_MinhTam | XF7: STT_13684_LocHa | XG7: STT_19030_QuangLuu | XH7: STT_21500_BaGiang | XI7: STT_25015_GiaHiep | XJ7: STT_20776_PhuocGia | XK7: STT_23738_IaKreng | XL7: STT_26134_PhuLap | XM7: STT_01381_YenSon | XN7: STT_26752_CauOngLanh | XO7: STT_28726_KiengPhuoc | XP7: STT_30148_BinhTan | XQ7: STT_04960_CuYen | XR7: STT_00544_PhuDong | XS7: STT_26188_ThanhPhu | XT7: STT_07260_DongTam | XU7: STT_25960_AnBinh | XV7: STT_31241_ThanhTien | XW7: STT_03170_NaBung | XX7: STT_21418_DucMinh | XY7: STT_17950_NamDan | XZ7: STT_23840_DakKoNing | YA7: STT_20662_QueThuan | YB7: STT_21568_ThiNai | YC7: STT_26011_BuuLong | YD7: STT_17347_HungSon | YE7: STT_04186_NamTy | YF7: STT_23470_MangCanh | YG7: STT_01240_TanTrinh | YH7: STT_27280_14 | YI7: STT_16249_PhuNhuan | YJ7: STT_01039_TungSan | YK7: STT_08680_BaoYen | YL7: STT_08749_NgocThanh | YM7: STT_09592_DuongLam | YN7: STT_20026_HuongBinh | YO7: STT_05626_OnLuong | YP7: STT_02770_NamChay | YQ7: STT_20983_TamAnhBac | YR7: STT_07393_TienLuc | YS7: STT_18874_PhuHai | YT7: STT_14641_HungTien | YU7: STT_14941_LuongNgoai | YV7: STT_29284_TanBinh | YW7: STT_18517_HuongGiang | YX7: STT_29476_LuuNghiepAnh | YY7: STT_17284_NghiaDong | YZ7: STT_03161_NamVi | ZA7: STT_07636_GiaoLiem | ZB7: STT_14338_NamBinh | ZC7: STT_18019_HungMy | ZD7: STT_00196_HangBot | ZE7: STT_15367_VinhHung | ZF7: STT_23170_DucPhu | ZG7: STT_03142_ThanhTruong | ZH7: STT_03194_NamNen | ZI7: STT_13585_VanLy | ZJ7: STT_24328_EaDrong | ZK7: STT_21748_MyLoi | ZL7: STT_25285_LocThien | ZM7: STT_30481_ThanhMyTay | ZN7: STT_30748_AnHoa | ZO7: STT_02392_PhuLuu | ZP7: STT_10624_QuocTuan | ZQ7: STT_01552_QuangLong | ZR7: STT_31831_NhaMat | ZS7: STT_08989_QuangMinh | ZT7: STT_20563_DienNgoc | ZU7: STT_00265_DongMac | ZV7: STT_13765_TrungThanh | ZW7: STT_21058_BinhKhuong
A8: STT_17248_ChauKhe | B8: STT_31274_DongThang | C8: STT_11350_DongKhe | D8: STT_26884_10 | E8: STT_06088_QuangTrung | F8: STT_20812_BinhMinh | G8: STT_08248_TienPhu | H8: STT_25258_LongTan | I8: STT_05560_PhucChu | J8: STT_05992_MaiPha | K8: STT_11446_VanDau | L8: STT_19084_QuangTan | M8: STT_25606_HoaThanh | N8: STT_17848_NghiLam | P8: STT_28231_PhuocTanHung | Q8: STT_11101_QuangPhuc | R8: STT_03340_PaThom | S8: STT_10564_LeLoi | T8: STT_18088_ThachTrung | U8: STT_17731_ThanhPhong | V8: STT_27616_TanKien | W8: STT_30610_VinhAn | X8: STT_06730_HaiDong | Y8: STT_20875_TienHiep | Z8: STT_10294_PhuTuc | AA8: STT_06946_QuangLong | AB8: STT_31360_ThanhXuan | AC8: STT_03079_TanAn | AE8: STT_11389_DuHang | AF8: STT_16528_QuangTho | AG8: STT_11779_CapTien | AH8: STT_00016_NgocHa | AI8: STT_28825_PhuAnHoa | AJ8: STT_09517_TrungXa | AK8: STT_13528_AnNinh | AL8: STT_00175_TrungHoa | AM8: STT_00733_SungLa | AO8: STT_30097_NhiMy | AP8: STT_11971_TrungNghia | AQ8: STT_29563_TanNgai | AR8: STT_05116_DungPhong | AS8: STT_18697_CamQuang | AT8: STT_20521_DaiNghia | AU8: STT_32170_TaAnKhuongNam | AV8: STT_17149_QuynhTam | AW8: STT_22630_SongCau | AX8: STT_24097_PhuCan | AY8: STT_03667_ChiengAn | AZ8: STT_09097_BoSao | BA8: STT_19387_VinhLong | BB8: STT_24562_HoaHiep | BC8: STT_13918_NghiaSon | BD8: STT_12493_QuynhHoang | BE8: STT_12452_TranHungDao | BF8: STT_22102_XuanQuang2 | BG8: STT_18262_BuiLaNhan | BH8: STT_22990_PhuocThe | BI8: STT_14047_TrucDao | BJ8: STT_14485_GiaXuan | BK8: STT_02296_ThoBinh | BL8: STT_14866_MuongChanh | BM8: STT_05164_TuNe | BN8: STT_10840_TanAn | BO8: STT_18922_HoaHop | BP8: STT_01912_ThuongGiao | BQ8: STT_02323_BinhPhu | BR8: STT_28057_NhiThanh | BS8: STT_18160_SonLinh | BT8: STT_24391_EaDar | BU8: STT_29008_ChauBinh | BV8: STT_06352_TanLap | BX8: STT_26092_BaoQuang | BY8: STT_29071_ChauHung | BZ8: STT_24577_QuangDien | CA8: STT_27064_08 | CB8: STT_21031_ChanhLo | CC8: STT_11602_AnHong | CD8: STT_21268_NghiaHoa | CF8: STT_07909_ThanhMieu | CG8: STT_20246_HoaThuanDong | CH8: STT_31522_1 | CI8: STT_14548_NinhHai | CJ8: STT_04246_MuongLan | CL8: STT_25153_DaKho | CM8: STT_26446_XuanHung | CN8: STT_25651_LongThanhNam | CO8: STT_03269_PuXi | CR8: STT_29818_DongThanh | CS8: STT_19708_HaiThuong | CT8: STT_06634_CuongLoi | CU8: STT_29680_TrungThanhTay | CV8: STT_11716_DuLe | CW8: STT_12994_TayNinh | CX8: STT_26491_PhuDong | CY8: STT_00364_KhuongDinh | CZ8: STT_25798_DinhHiep | DA8: STT_13102_LeLoi | DB8: STT_23215_DucTin | DC8: STT_28708_BinhDong | DD8: STT_28921_ThanhAn | DE8: STT_29131_MyThanh | DF8: STT_12709_PhuLuong | DG8: STT_26227_LaNga | DH8: STT_18376_XuanYen | DJ8: STT_09967_PhuKim | DK8: STT_28342_HungThanh | DL8: STT_24728_NamNJang | DM8: STT_04477_KimNoi | DN8: STT_23659_Dong | DO8: STT_31286_TruongThang | DP8: STT_26593_BinhTrung | DQ8: STT_23878_IaKrieng | DR8: STT_26926_07 | DS8: STT_30649_KienThanh | DT8: STT_00790_SungMang | DV8: STT_25984_BinhNham | DW8: STT_00661_YenMy | DX8: STT_08809_PhuongKhoan | DY8: STT_09346_VietDoan | DZ8: STT_02041_BangPhuc | EA8: STT_14116_XuanNgoc | EB8: STT_11185_VinhHoa | EC8: STT_05785_PhuLac | ED8: STT_13342_DuyHai | EE8: STT_20956_TraDon | EF8: STT_16960_NghiaBinh | EG8: STT_23248_TanBinh | EH8: STT_23302_LeLoi | EI8: STT_08473_HuongNon | EJ8: STT_03874_LangCheu | EK8: STT_21658_TamQuanNam | EM8: STT_25507_TanPhong | EN8: STT_08092_GiaDien | EO8: STT_31102_BaiThom | EP8: STT_25855_PhuAn | EQ8: STT_22348_VanThanh | ER8: STT_04519_QuyMong | ES8: STT_07324_PhucHoa | EU8: STT_20458_BhaLe | EV8: STT_29644_BinhPhuoc | EW8: STT_05737_CucDuong | EX8: STT_31387_DongPhuocA | EY8: STT_31480_LongPhu | FB8: STT_26641_HoaBinh | FC8: STT_23422_TuMoRong | FD8: STT_26269_BacSon | FE8: STT_12040_LienNghia | FF8: STT_04081_MuongLum | FG8: STT_31660_TanHung | FH8: STT_09274_PhuLuong | FI8: STT_20740_PhuocChanh | FJ8: STT_03415_NungNang | FK8: STT_04645_AnLuong | FM8: STT_16798_ChauThang | FN8: STT_32080_TanPhu | FO8: STT_08311_TrungSon | FQ8: STT_09913_LiepTuyet | FR8: STT_31774_ThanhTri | FS8: STT_22510_VanPhu | FT8: STT_23695_NamYang | FU8: STT_23026_PhanTien | FV8: STT_22759_KinhDinh | FW8: STT_29920_TanQuyTay | FX8: STT_18778_KyKhang | FY8: STT_22910_CaNa | FZ8: STT_29437_HiepHoa | GA8: STT_24226_CuKBang | GB8: STT_01879_CoLinh | GD8: STT_22804_PhuocChinh | GE8: STT_30868_TanHiepA | GF8: STT_23905_IaBang | GG8: STT_32113_KhanhHung | GH8: STT_17131_QuynhXuan | GI8: STT_31636_AnThanhNam | GJ8: STT_09475_BinhDuong | GK8: STT_04813_YenMong | GL8: STT_22228_EaBia | GM8: STT_31696_VienAn | GN8: STT_04396_DongAn | GO8: STT_05932_ThuongDinh | GP8: STT_17524_HauThanh | GQ8: STT_06829_ThuongYenCong | GR8: STT_31144_XuanKhanh | GS8: STT_14890_PhuXuan | GT8: STT_15796_ThieuGiang | GU8: STT_30973_VinhPhuocA | GV8: STT_26815_LinhChieu | GW8: STT_10462_AnMy | GX8: STT_01120_PaVaySu | GY8: STT_25351_PhuocAn | GZ8: STT_27487_TanPhu | HA8: STT_21310_SonTrung | HB8: STT_09385_DongNguyen | HC8: STT_21460_PhoNinh | HD8: STT_24274_EaHdinh | HE8: STT_02557_LuongThien | HF8: STT_28672_ThanhTri | HG8: STT_10039_TruongYen | HH8: STT_32209_TamGiangDong | HI8: STT_08374_TungKhe | HJ8: STT_19450_TanHop | HK8: STT_29395_NguyetHoa | HL8: STT_27229_08 | HM8: STT_06917_TanLap | HN8: STT_24889_DaKNang | HO8: STT_25213_TienHung | HP8: STT_09805_HaMo | HQ8: STT_20131_LocSon | HR8: STT_05287_TanLap | HS8: STT_31462_ViDong | HT8: STT_02452_PhucNinh | HU8: STT_20323_HoaChau | HV8: STT_32062_KhanhHoi | HW8: STT_25384_TanHoa | HX8: STT_00632_PhuDo | HY8: STT_12301_SongMai | HZ8: STT_21804_VinhThuan | IA8: STT_21829_BinhHoa | IB8: STT_18334_DucLien | IC8: STT_24060_ChrohPonan | IE8: STT_21217_TinhSon | IF8: STT_28129_LongSon | IH8: STT_03310_ngCang | II8: STT_14581_KhanhCu | IJ8: STT_15211_ThachBinh | IK8: STT_07015_DongXa | IN8: STT_09853_KimChung | IO8: STT_06670_HaLam | IP8: STT_23440_DienBinh | IQ8: STT_00841_HuuVinh | IR8: STT_06205_HongPhong | IS8: STT_23809_LoPang | IT8: STT_26566_KimDinh | IU8: STT_25930_BachDang | IV8: STT_03829_ChiengMuon | IW8: STT_25537_TanHiep | IX8: STT_11935_GiaLuan | JA8: STT_16471_QuangHop | JB8: STT_23515_NgokWang | JC8: STT_26785_TrungMyTay | JD8: STT_23545_SaBinh | JE8: STT_32228_RachCheo | JF8: STT_02866_BanPho | JH8: STT_19579_TaLong | JI8: STT_06484_MaiSao | JJ8: STT_24199_EaHiao | JK8: STT_01174_ThuongBinh | JL8: STT_08602_CuThang | JM8: STT_30229_LongThang | JN8: STT_16114_NgaPhuong | JO8: STT_28492_PhuAn | JP8: STT_11041_LeLoi | JR8: STT_13306_PhuVan | JS8: STT_21385_HanhPhuoc | JT8: STT_22831_NhonSon | JV8: STT_31183_LongTuyen | JW8: STT_06883_DongHai | JX8: STT_29884_MyTan | JY8: STT_08179_NinhDan | KA8: STT_29362_TanHung | KB8: STT_00112_ThuyKhue | KC8: STT_00895_DongHa | KD8: STT_27778_VinhThuan | KE8: STT_24661_TrucSon | KF8: STT_27457_TanTaoA | KG8: STT_31338_TanTien | KH8: STT_19222_DuyNinh | KI8: STT_01304_ThachLam | KJ8: STT_31495_XaPhien | KK8: STT_03742_eTong | KL8: STT_04270_MinhBao | KM8: STT_21706_AnThanh | KN8: STT_02707_DenSang | KO8: STT_06151_HoiHoan | KP8: STT_30922_BanTanDinh | KQ8: STT_10774_PhucThanhA | KR8: STT_25075_LocQuang | KS8: STT_04042_QuangMinh | KU8: STT_01003_PhuNam | KV8: STT_04003_TaLai | KW8: STT_06991_MinhCam | KX8: STT_00949_PhuongThien | KY8: STT_15421_YenTruong | KZ8: STT_02260_DaVi | LA8: STT_22036_7 | LB8: STT_30355_PhuHoi | LC8: STT_32020_7 | LD8: STT_05422_YenBong | LE8: STT_23575_TaySon | LF8: STT_15517_XuanHoa | LG8: STT_32142_DongHung | LH8: STT_22867_NhonHai | LI8: STT_23131_HamMy | LJ8: STT_22291_HoaXuanDong | LK8: STT_20356_AnPhu | LL8: STT_24901_DongThanh | LM8: STT_29947_TanCongChi | LN8: STT_19645_TrieuDai | LO8: STT_28780_7 | LP8: STT_19267_PhongThuy | LR8: STT_31863_NinhThanhLoiA | LS8: STT_04324_MuongLai | LT8: STT_31720_GiaHoa1 | LU8: STT_25876_TamLap | LV8: STT_27700_6 | LW8: STT_22138_AnCu | LX8: STT_25760_HoaPhu | LY8: STT_31988_AnTrachA | LZ8: STT_03919_TanLang | MA8: STT_22186_SonXuan | MB8: STT_27184_01 | MC8: STT_03016_HamRong | MD8: STT_19351_DongLuong | ME8: STT_01957_ThuongQuan | MG8: STT_29842_HuuThanh | MH8: STT_23389_DakXu | MI8: STT_07543_HoDap | MJ8: STT_22321_HoaDinhTay | MK8: STT_27325_01 | ML8: STT_25732_AnTinh | MM8: STT_19987_ThuyPhu | MN8: STT_22276_HoaDong | MO8: STT_20707_ChaVal | MQ8: STT_19621_CamNghia | MR8: STT_31075_VinhPhong | MS8: STT_03373_XaDung | MT8: STT_22936_ThanhHai | MU8: STT_25675_PhuocTrach | MV8: STT_25702_LongThuan | MW8: STT_28012_AnThanh | MX8: STT_00136_PhucLoi | MY8: STT_27919_BinhHoaBac | MZ8: STT_28270_6 | NA8: STT_02923_GiaPhu | NB8: STT_24679_DakSak | ND8: STT_18445_TungLoc | NE8: STT_18601_VietTien | NF8: STT_24760_DakSin | NG8: STT_06406_ThienTan | NH8: STT_30388_TanAn | NI8: STT_00058_LyThaiTo | NJ8: STT_05227_BaoLa | NK8: STT_16834_NaLoi | NL8: STT_18970_LeHoa | NM8: STT_14248_HaiHung | NN8: STT_10699_TanDan | NO8: STT_23080_HongLiem | NP8: STT_07468_TienNha | NQ8: STT_20185_ThuongLo | NR8: STT_22672_DienTho | NS8: STT_19888_QuangAn | NT8: STT_27031_PhuTrung | NU8: STT_01855_XuatHoa | NV8: STT_02658_BinhMinh | NX8: STT_09421_TriQua | NZ8: STT_28453_MyHanhTrung | OA8: STT_27742_VinhChauB | OB8: STT_04126_MuongBon | OC8: STT_24979_TanThanh | OD8: STT_31936_VinhThinh | OE8: STT_24360_EaDah | OF8: STT_25408_MinhHung | OG8: STT_28540_DiemHy | OH8: STT_14404_CucPhuong | OI8: STT_28183_PhuocLam | OJ8: STT_29203_ThoiThanh | OK8: STT_01606_ChiThao | OL8: STT_01687_HongViet | OM8: STT_29329_PhongThanh | ON8: STT_31921_LongThanh | OO8: STT_18577_ThachMy | OP8: STT_18832_KyPhuong | OQ8: STT_23954_KongHTok | OR8: STT_07963_HaThach | OS8: STT_29245_2 | OT8: STT_25189_QuangNgai | OU8: STT_07156_HoangTan | OV8: STT_26524_7 | OW8: STT_27952_HiepHoa | OX8: STT_15052_LamPhu | OY8: STT_24511_HoaAn | PA8: STT_10204_HienGiang | PC8: STT_10972_TanHong | PD8: STT_12124_BachSam | PE8: STT_03451_MuCa | PF8: STT_07222_SongMai | PG8: STT_30190_LongHungB | PH8: STT_26350_BaoBinh | PI8: STT_23362_MuongHoong | PJ8: STT_24703_NamNung | PL8: STT_09643_PhuDong | PM8: STT_22735_BaCumNam | PN8: STT_27367_02 | PO8: STT_00611_XuanTao | PP8: STT_21136_TraTan | PQ8: STT_12226_TuDan | PR8: STT_03565_TongQuaLin | PS8: STT_16405_DongTien | PT8: STT_16678_CuaNam | PU8: STT_25267_PhuNghia | PV8: STT_28957_AnDinh | PX8: STT_01342_HongTri | PY8: STT_31420_HoaMy | PZ8: STT_01999_NguyenPhuc | QA8: STT_03613_NamSo | QB8: STT_09184_NinhXa | QC8: STT_08521_PhungNguyen | QD8: STT_26725_HacDich | QE8: STT_08791_LienSon | QF8: STT_09046_YenDong | QG8: STT_30058_MyDong | QH8: STT_31888_PhongThanhTayB | QI8: STT_04738_BaoAi | QK8: STT_25909_LacAn | QL8: STT_00925_TungBa | QM8: STT_24433_EaRieng | QN8: STT_05452_TanThinh | QO8: STT_15637_LuanKhe | QP8: STT_24835_LocThanh | QQ8: STT_27517_PhuHoaDong | QR8: STT_20488_ARooi | QS8: STT_11491_LuuKy | QT8: STT_20386_TamThai | QU8: STT_30895_MinhHoa | QV8: STT_15013_NaMeo | QW8: STT_30430_HoaLac | QX8: STT_14377_QuangSon | QY8: STT_07090_BinhDuong | QZ8: STT_19840_PhongHai | RA8: STT_16906_LuongMinh | RB8: STT_27409_04 | RC8: STT_17635_NgocSon | RD8: STT_25477_BinhMinh | RE8: STT_09217_DongTien | RF8: STT_19519_GioHai | RG8: STT_21628_AnHoa | RH8: STT_25450_NhaBich | RI8: STT_01288_DuyetTrung | RJ8: STT_30700_PhuThuan | RK8: STT_08728_KhaiQuang | RL8: STT_26701_LocAn | RM8: STT_09552_PhuLa | RN8: STT_13993_NamHong | RP8: STT_21928_NhonAn | RQ8: STT_12073_TanLap | RR8: STT_24949_KaDon | RS8: STT_31963_PhongThanhA | RT8: STT_31006_DongThai | RU8: STT_19936_VinhXuan | RV8: STT_10525_TranHungDao | RW8: STT_30265_AnPhuThuan | RX8: STT_05380_DoanKet | RY8: STT_03238_TrungThu | RZ8: STT_12856_ThuyViet | SB8: STT_20917_TraBui | SC8: STT_22456_CamHiepNam | SD8: STT_16036_ThanhLoc | SE8: STT_31804_VinhPhuoc | SF8: STT_28381_MyLoiB | SH8: STT_13213_SongLang | SI8: STT_12358_DucThang | SJ8: STT_07999_ChiDam | SK8: STT_24034_IaBroai | SL8: STT_03484_PuDao | SM8: STT_20221_ThacGian | SN8: STT_31753_MyQuoi | SO8: STT_31227_TanHung | SP8: STT_02218_HungThanh | SQ8: STT_11425_TrangCat | SR8: STT_25120_DoanKet | SS8: STT_30565_LuongPhi | ST8: STT_08569_MyThuan | SU8: STT_22549_NinhTrung | SV8: STT_02824_SinCheng | SW8: STT_30520_TinhBien | SX8: STT_15298_LinhToai | SY8: STT_27886_ThuyTay | SZ8: STT_16201_TanBinh | TB8: STT_27148_04 | TC8: STT_30022_AnLong | TD8: STT_11845_VinhLong | TE8: STT_01810_ThuyHung | TH8: STT_20620_DuySon | TI8: STT_24601_DakNue | TJ8: STT_24628_DakNia | TK8: STT_03706_ChiengBang | TL8: STT_13474_TanThanh | TM8: STT_27847_KienBinh | TN8: STT_28891_TanThieng | TO8: STT_28615_ThanhBinh | TP8: STT_30298_MyQuy | TQ8: STT_05680_VanHan | TR8: STT_15892_HoangTrung | TS8: STT_08890_ThanhVan | TT8: STT_06781_CamThinh | TU8: STT_31039_DongHungB | TV8: STT_12163_QuangVinh | TW8: STT_21874_CatThanh | TX8: STT_25573_CauKhoi | TY8: STT_20419_CamAn | TZ8: STT_05875_DacSon | UA8: STT_08929_HoSon | UB8: STT_09742_ThoLoc | UC8: STT_24139_ThanhCong | UE8: STT_29992_LongThuan | UF8: STT_07834_ThaiSon | UG8: STT_11260_LamSon | UH8: STT_17410_DienMy | UI8: STT_12412_DinhCao | UJ8: STT_15685_TrieuThanh | UK8: STT_11650_QuocTuan | UL8: STT_08956_QuatLuu | UM8: STT_31609_MyThuan | UN8: STT_26401_CamDuong | UO8: STT_10141_ThanhCao | UP8: STT_26320_Lo25 | UQ8: STT_06286_KhanhKhe | UR8: STT_00397_MinhPhu | US8: STT_02968_ThuongHa | UT8: STT_07780_TrungSon | UU8: STT_22894_PhuocHai | UV8: STT_16585_HaiAn | UW8: STT_04606_PaHu | UX8: STT_14725_YenThang | UY8: STT_00475_VanHa | UZ8: STT_20068_ANgo | VA8: STT_27817_ThanhHung | VB8: STT_29794_MyThuan | VC8: STT_21973_PhuocHiep | VD8: STT_23778_IaGrang | VE8: STT_06016_TriPhuong | VF8: STT_07714_XuanPhu | VG8: STT_03634_TaHua | VH8: STT_05017_XuanThuy | VI8: STT_01477_TrungKhanh | VJ8: STT_02161_SonThanh | VK8: STT_10909_CamVu | VL8: STT_27580_TanXuan | VM8: STT_21343_SonTinh | VN8: STT_31549_ThoiAnHoi | VO8: STT_11320_HoangVanThu | VQ8: STT_29596_PhuocHau | VR8: STT_03509_LungThang | VS8: STT_04858_DoanKet | VT8: STT_12607_HungDung | VU8: STT_24073_IaSao | VW8: STT_31600_AnNinh | VX8: STT_22069_XuanThinh | VY8: STT_10375_LienBat | VZ8: STT_28099_BinhTinh | WB8: STT_23986_IaLe | WC8: STT_29740_SongPhu | WD8: STT_14776_BaDinh | WE8: STT_05528_BachQuang | WF8: STT_24790_5 | WG8: STT_30835_SonKien | WH8: STT_02107_NongHa | WI8: STT_16759_ChauKim | WJ8: STT_17056_ChauLoc | WK8: STT_12007_MinhHai | WL8: STT_06553_DongBuc | WM8: STT_24469_YangReh | WN8: STT_04624_NghiaLo | WO8: STT_24010_YaHoi | WP8: STT_17014_NghiaThuan | WQ8: STT_23257_TanHa | WR8: STT_16303_TrungThanh | WS8: STT_19777_VyDa | WT8: STT_30814_HonNghe | WU8: STT_19132_ThanhTrach | WV8: STT_13405_DongHoa | WW8: STT_00322_HoangVanThu | WX8: STT_14176_GiaoHa | WY8: STT_15151_CamBinh | WZ8: STT_23630_AnPhuoc | XA8: STT_13831_YenMy | XB8: STT_26986_07 | XC8: STT_15085_QuangTrung | XD8: STT_22429_CamLoi | XE8: STT_01750_TheDuc | XF8: STT_13687_LocVuong | XG8: STT_19033_QuangTung | XH8: STT_21502_BaLien | XI8: STT_25018_DinhLac | XJ8: STT_20779_TanBinh | XK8: STT_23740_DakToVer | XL8: STT_26137_PhuSon | XM8: STT_01384_LuongCan | XN8: STT_26755_CoGiang | XO8: STT_28732_TanDong | XP8: STT_30151_TanHue | XQ8: STT_04969_LienSon | XR8: STT_00547_TrungMau | XS8: STT_26191_ThienTan | XT8: STT_07261_TamHiep | XV8: STT_31243_ThanhThang | XW8: STT_03171_NamNhu | XX8: STT_21421_DucThanh | XY8: STT_17953_NamLinh | XZ8: STT_23842_DakSong | YA8: STT_20665_QueMy | YB8: STT_21571_LeHongPhong | YC8: STT_26014_TanTien | YD8: STT_17350_CamSon | YE8: STT_04189_DuaMon | YF8: STT_23473_MangDen | YG8: STT_01243_TanBac | YH8: STT_27283_04 | YI8: STT_16252_HaiLong | YJ8: STT_01042_ChienPho | YK8: STT_08683_DoanHa | YL8: STT_08752_CaoMinh | YM8: STT_09595_VienSon | YN8: STT_20035_BinhTien | YO8: STT_05629_DongDat | YP8: STT_02773_NamLu | YQ8: STT_20984_TamAnhNam | YR8: STT_07396_AnHa | YS8: STT_18877_BacNghia | YT8: STT_14647_QuangThien | YU8: STT_14944_AiThuong | YV8: STT_29287_BinhPhu | YW8: STT_18520_LocYen | YX8: STT_29479_NgaiXuyen | YY8: STT_17287_DongVan | YZ8: STT_03162_NamKe | ZA8: STT_07642_CamDan | ZB8: STT_14341_NamThanh | ZC8: STT_18022_HungThinh | ZD8: STT_00199_LangHa | ZE8: STT_15376_VinhHoa | ZF8: STT_23173_DongKho | ZG8: STT_03145_ThanhMinh | ZH8: STT_03196_HuoiLeng | ZI8: STT_13588_BacLy | ZJ8: STT_24331_ThongNhat | ZK8: STT_21751_MyAn | ZL8: STT_25288_LocThuan | ZM8: STT_30484_BinhLong | ZN8: STT_30751_AnBinh | ZO8: STT_02395_MinhHuong | ZP8: STT_10627_NamChinh | ZQ8: STT_01555_AnLac | ZR8: STT_31834_VinhTrach | ZS8: STT_08992_ThanhLam | ZT8: STT_20566_DienHong | ZU8: STT_00268_ThanhLuong | ZV8: STT_13768_QuangTrung | ZW8: STT_21061_BinhTri
A9: STT_17251_ChiKhe | B9: STT_31276_ThoiDong | C9: STT_11356_LeLoi | D9: STT_26887_05 | E9: STT_06091_ThienThuat | F9: STT_20815_BinhLanh | G9: STT_08251_HaGiap | H9: STT_25261_PhuTrung | I9: STT_05563_TanDuong | K9: STT_11449_PhuLien | L9: STT_19087_QuangHai | M9: STT_25609_TriBinh | N9: STT_17851_NghiQuang | P9: STT_28234_ThanhPhuLong | Q9: STT_11110_DanChu | R9: STT_03343_ThanhAn | S9: STT_10567_HoangTien | T9: STT_18091_ThachQuy | U9: STT_17734_ThanhMy | V9: STT_27619_BinhHung | W9: STT_30613_HoaBinhThanh | X9: STT_06733_HaiTien | Y9: STT_20878_TienCanh | Z9: STT_10297_VanHoang | AA9: STT_06949_DuongHoa | AB9: STT_31362_CaiTac | AC9: STT_03082_KhanhYenThuong | AE9: STT_11392_HangKenh | AF9: STT_16531_QuangChau | AG9: STT_11782_KienThiet | AH9: STT_00019_DienBien | AI9: STT_28828_AnPhuoc | AJ9: STT_09520_LaiHa | AK9: STT_13531_BoDe | AM9: STT_00736_XaPhin | AO9: STT_30100_MyTho | AP9: STT_11974_LienPhuong | AQ9: STT_29566_TanHoa | AR9: STT_05119_NamPhong | AS9: STT_18706_CamThach | AT9: STT_20524_DaiHiep | AU9: STT_32173_TanDuyet | AV9: STT_17152_QuynhHoa | AW9: STT_22633_GiangLy | AX9: STT_24100_IaHDreh | AY9: STT_03670_ChiengCoi | AZ9: STT_09100_DaiDong | BA9: STT_19393_VinhKhe | BC9: STT_13921_NghiaLac | BD9: STT_12496_QuynhGiao | BE9: STT_12454_TranLam | BF9: STT_22105_XuanSonNam | BG9: STT_18274_ThanhBinhThinh | BH9: STT_22993_HoaMinh | BI9: STT_14050_TrucHung | BJ9: STT_14488_GiaLap | BK9: STT_02299_PhucSon | BM9: STT_05167_ThanhHoi | BN9: STT_10843_LienMac | BO9: STT_18925_XuanHoa | BP9: STT_01915_DiaLinh | BQ9: STT_02326_XuanQuang | BR9: STT_28060_MyAn | BS9: STT_18163_AnHoaThinh | BT9: STT_24394_EaKmut | BU9: STT_29011_ThuanDien | BV9: STT_06355_VuSon | BX9: STT_26095_SuoiTre | BY9: STT_29074_PhuVang | CA9: STT_27067_15 | CB9: STT_21034_NghiaDung | CC9: STT_11605_BacSon | CD9: STT_21271_NghiaDien | CF9: STT_07912_BachHac | CG9: STT_20248_NamDuong | CH9: STT_31525_10 | CI9: STT_14551_NinhThang | CL9: STT_25156_DaPal | CM9: STT_26449_XuanTam | CO9: STT_03271_PuNhung | CS9: STT_19711_HaiDuong | CT9: STT_06637_ChauSon | CU9: STT_29683_TrungHiep | CV9: STT_11719_ThuyHuong | CW9: STT_12997_DongTrung | CX9: STT_26494_LongTho | CY9: STT_00367_ThanhXuanBac | CZ9: STT_25801_AnLap | DA9: STT_13111_VuLe | DB9: STT_23218_VuHoa | DC9: STT_28717_BinhXuan | DD9: STT_28924_HoaLoc | DE9: STT_29134_MyNhon | DF9: STT_12712_MeLinh | DG9: STT_26230_GiaCanh | DH9: STT_18379_XuanMy | DJ9: STT_09970_HuongNgai | DK9: STT_28345_TanLap1 | DL9: STT_24730_TruongXuan | DM9: STT_04480_CaoPha | DN9: STT_23660_DakSMar | DO9: STT_31288_DinhMon | DP9: STT_26596_XaBang | DQ9: STT_23881_IaPnon | DR9: STT_26929_24 | DS9: STT_30652_MyHiep | DT9: STT_00793_SonVi | DV9: STT_25987_BinhHoa | DW9: STT_00664_VinhQuynh | DX9: STT_08818_TanLap | DY9: STT_09349_PhatTich | DZ9: STT_02044_YenThinh | EA9: STT_14122_TraLu | EB9: STT_11188_DongXuyen | EC9: STT_05788_TanLinh | ED9: STT_13345_ChuyenNgoai | EE9: STT_20959_TraVan | EF9: STT_16963_NghiaTho | EG9: STT_23268_TanPhuoc | EH9: STT_23305_NguyenTrai | EI9: STT_08476_TeLe | EJ9: STT_03877_ChimVan | EK9: STT_21661_HoaiHao | EM9: STT_25510_MoCong | EN9: STT_08095_AmHa | EO9: STT_31105_ThoChau | EQ9: STT_22351_PhuongSai | ER9: STT_04522_CuongThinh | ES9: STT_07327_LienSon | EU9: STT_20461_AVuong | EV9: STT_29647_ChanhAn | EW9: STT_05740_LaHien | EY9: STT_31481_TanPhu | FB9: STT_26644_HoaHung | FC9: STT_23425_DakHa | FD9: STT_26272_HoNai3 | FE9: STT_12043_TanTien | FF9: STT_04084_ChiengOn | FG9: STT_31663_ChauKhanh | FH9: STT_09277_PhuLang | FI9: STT_20743_PhuocCong | FJ9: STT_03418_BanGiang | FK9: STT_04648_NamLanh | FM9: STT_16801_ChauPhong | FN9: STT_32083_TanLocBac | FO9: STT_08314_HungLong | FQ9: STT_09916_ThachThan | FR9: STT_31777_VinhLoi | FS9: STT_22513_VanLuong | FT9: STT_23698_KDang | FU9: STT_23029_SongBinh | FV9: STT_22762_DaoLong | FW9: STT_29923_TanPhuDong | FX9: STT_18784_KyVan | FZ9: STT_29440_ThuanHoa | GA9: STT_24229_EaBung | GB9: STT_01882_NghienLoan | GD9: STT_22807_PhuocTrung | GE9: STT_30871_TanAn | GF9: STT_23908_IaTor | GG9: STT_32116_KhanhBinhDong | GH9: STT_17134_QuynhPhuong | GJ9: STT_09478_LangNgam | GK9: STT_04816_QuynhLam | GL9: STT_22231_EaTrol | GM9: STT_31699_ThanhThoiAn | GN9: STT_04399_DongCuong | GO9: STT_05935_TanHoa | GP9: STT_17525_HungThanh | GQ9: STT_06832_PhuongDong | GR9: STT_31147_HungLoi | GS9: STT_14896_HienChung | GT9: STT_15799_ThieuDuy | GU9: STT_30976_VinhPhuocB | GV9: STT_26818_LinhTay | GW9: STT_10465_HongSon | GX9: STT_01123_CocRe | GY9: STT_25354_ThanhBinh | GZ9: STT_27490_TanPhong | HA9: STT_21313_SonThuong | HB9: STT_09388_ChauKhe | HC9: STT_21463_PhoMinh | HD9: STT_24277_EaTul | HE9: STT_02560_TuThinh | HF9: STT_28675_ThanhNhut | HG9: STT_10042_NgocHoa | HI9: STT_08377_TamSon | HJ9: STT_19453_HuongTan | HK9: STT_29398_HoaThuan | HL9: STT_27232_09 | HM9: STT_06919_DaiBinh | HP9: STT_09808_LienTrung | HQ9: STT_20134_LocBinh | HR9: STT_05290_NhanNghia | HS9: STT_31465_ViThanh | HT9: STT_02455_HungLoi | HU9: STT_20326_HoaTien | HW9: STT_25387_ThuanPhu | HX9: STT_00634_DaiMo | HY9: STT_12304_ChinhNghia | HZ9: STT_21805_VinhQuang | IA9: STT_21832_TayBinh | IB9: STT_18340_HuongMinh | IC9: STT_24061_IaHiao | IE9: STT_21220_TinhHa | IF9: STT_28132_TanTrach | IH9: STT_03312_NamLich | II9: STT_14584_KhanhThien | IJ9: STT_15214_ThachDinh | IK9: STT_07018_BanSen | IN9: STT_09856_YenSo | IO9: STT_06673_BaiChay | IP9: STT_23443_PoKo | IQ9: STT_00844_LaoVaChai | IR9: STT_06208_ThuyHung | IS9: STT_23812_KonThup | IT9: STT_26567_TanHung | IU9: STT_25933_TanVinhHiep | IV9: STT_03832_ChiengAn | IW9: STT_25540_ThanhDong | IX9: STT_11938_HienHao | JA9: STT_16474_QuangVan | JB9: STT_23518_NgokReo | JC9: STT_26787_TanHungThuan | JD9: STT_23548_YaXier | JE9: STT_32230_NguyenVietKhai | JF9: STT_02869_BanLien | JH9: STT_19582_HucNghi | JI9: STT_06487_BangHuu | JJ9: STT_24202_EaKhal | JK9: STT_01177_HuuSan | JL9: STT_08605_TatThang | JM9: STT_30232_VinhThoi | JN9: STT_16117_NgaTrung | JO9: STT_28495_MyLong | JP9: STT_11044_ToanThang | JR9: STT_13309_LiemChinh | JS9: STT_21388_HanhThien | JW9: STT_06886_HaiLang | JX9: STT_29887_MyTra | JY9: STT_08194_VoLao | KA9: STT_29365_TapNgai | KC9: STT_00898_QuanBa | KD9: STT_27781_TuyenBinh | KF9: STT_27460_AnLac | KG9: STT_31339_HoaTien | KH9: STT_19225_GiaNinh | KI9: STT_01309_VinhPhong | KK9: STT_03745_PhongLap | KL9: STT_04273_NamCuong | KM9: STT_21709_AnPhong | KN9: STT_02710_BanVuoc | KO9: STT_06154_BacViet | KP9: STT_30925_NgocThanh | KQ9: STT_10777_NguPhuc | KR9: STT_25078_LocTan | KS9: STT_04048_VanHo | KU9: STT_01006_YenCuong | KV9: STT_04012_ChiengHac | KY9: STT_15427_YenPhong | KZ9: STT_02263_KhauTinh | LA9: STT_22039_6 | LB9: STT_30358_PhuocHung | LC9: STT_32022_TanXuyen | LD9: STT_05425_ThongNhat | LE9: STT_23578_ThongNhat | LF9: STT_15520_ThoHai | LG9: STT_32143_DongThoi | LH9: STT_22868_ThanhHai | LI9: STT_23134_TanLap | LJ9: STT_22297_HoaTam | LK9: STT_20359_TamThanh | LL9: STT_24904_GiaLam | LM9: STT_29950_AnPhuoc | LN9: STT_19648_TrieuHoa | LO9: STT_28783_SonDong | LP9: STT_19270_CamThuy | LR9: STT_31864_NinhThanhLoi | LS9: STT_04327_AnLac | LT9: STT_31723_NgocTo | LU9: STT_25879_TanLong | LV9: STT_27703_HuongThoPhu | LW9: STT_22141_AnXuan | LX9: STT_25762_PhuMy | LY9: STT_31990_AnPhuc | LZ9: STT_03922_GiaPhu | MA9: STT_22189_SonNguyen | MB9: STT_27187_08 | MC9: STT_03019_HoangLien | MD9: STT_19354_3 | ME9: STT_01960_HiepLuc | MG9: STT_29845_VinhXuan | MI9: STT_07546_SonHai | MJ9: STT_22324_HoaThang | MK9: STT_27328_11 | ML9: STT_25735_AnHoa | MM9: STT_19990_PhuSon | MN9: STT_22285_HoaMyDong | MO9: STT_20710_TaBhinh | MS9: STT_03376_KeoLom | MT9: STT_22939_BinhHung | MU9: STT_25678_ThanhPhuoc | MV9: STT_25705_AnThanh | MW9: STT_28015_BinhDuc | MX9: STT_00139_BoDe | MY9: STT_27922_BinhHoaHung | MZ9: STT_28273_9 | NA9: STT_02926_XuanQuang | NB9: STT_24682_ThuanAn | ND9: STT_18454_PhuLoc | NE9: STT_18604_ThachKhe | NF9: STT_24761_HungBinh | NG9: STT_06412_YenVuong | NH9: STT_30391_LongAn | NI9: STT_00061_HangBac | NJ9: STT_05233_TongDau | NK9: STT_16837_NamCan | NL9: STT_18973_SonHoa | NM9: STT_14254_HaiLong | NN9: STT_10702_MinhTan | NO9: STT_23083_ThuanMinh | NP9: STT_07471_TruongGiang | NQ9: STT_20188_ThuongLong | NR9: STT_22675_DienPhuoc | NS9: STT_19891_QuangThanh | NT9: STT_27034_HoaThanh | NV9: STT_02659_ThongNhat | NX9: STT_09424_GiaDong | NZ9: STT_28459_TanPhu | OA9: STT_27745_VinhLoi | OB9: STT_04129_ChiengChung | OC9: STT_24982_PhuHoi | OE9: STT_24361_EaHo | OF9: STT_25411_DoanKet | OG9: STT_28543_NhiBinh | OH9: STT_14407_PhuSon | OI9: STT_28189_ThuanThanh | OJ9: STT_29206_HoaLoi | OK9: STT_01609_TuDo | OL9: STT_01696_HoangTung | OM9: STT_29332_TamNgai | OO9: STT_18580_ThachKim | OP9: STT_18835_KyLong | OQ9: STT_23956_AYun | OR9: STT_07966_ThanhVinh | OS9: STT_29248_5 | OT9: STT_25192_DongNaiThuong | OU9: STT_07159_TanAn | OV9: STT_26526_NguyenAnNinh | OW9: STT_27955_DucLapThuong | OX9: STT_15055_LangChanh | OY9: STT_24514_EaKuang | PA9: STT_10207_HongVan | PC9: STT_10975_BinhMinh | PD9: STT_12127_MinhDuc | PE9: STT_03454_BumTo | PF9: STT_07225_XuongGiang | PG9: STT_30193_BinhThanh | PH9: STT_26353_XuanBao | PI9: STT_23365_NgocLinh | PJ9: STT_24706_DucXuyen | PL9: STT_09646_PhuPhuong | PN9: STT_27370_01 | PO9: STT_00613_MinhKhai | PP9: STT_21139_TraSon | PQ9: STT_12229_AnVi | PR9: STT_03568_MuSang | PS9: STT_16408_DongKhe | PT9: STT_16681_QuangTrung | PV9: STT_28960_ThanhThoiB | PX9: STT_01343_KimCuc | PY9: STT_31423_HoaAn | PZ9: STT_02002_CaoSon | QA9: STT_03616_PacTa | QB9: STT_09187_SuoiHoa | QC9: STT_08527_CaoXa | QD9: STT_26728_ChauPha | QE9: STT_08794_XuanHoa | QF9: STT_09049_VanTien | QG9: STT_30061_DocBinhKieu | QI9: STT_04741_MyGia | QK9: STT_25918_TanMy | QL9: STT_00928_ThanhThuy | QM9: STT_24436_CuMta | QN9: STT_05455_ThinhDan | QO9: STT_15640_XuanThang | QP9: STT_24838_LocNga | QQ9: STT_27520_TrungLapHa | QR9: STT_20491_ZaHung | QS9: STT_11494_GiaMinh | QT9: STT_20387_TamDai | QU9: STT_30898_BinhAn | QV9: STT_15016_SonLu | QW9: STT_30433_PhuThanh | QX9: STT_14380_DongSon | QY9: STT_07093_DucChinh | QZ9: STT_19843_DienHai | RA9: STT_16909_YenHoa | RB9: STT_27412_13 | RC9: STT_17638_BacSon | RD9: STT_25480_NinhSon | RE9: STT_09220_YenPhu | RF9: STT_19522_GioAn | RG9: STT_21631_AnQuang | RH9: STT_25453_MinhThang | RI9: STT_01693_VinhQuang | RJ9: STT_30703_VinhChanh | RK9: STT_08731_ThanhTru | RM9: STT_09553_PhucLa | RN9: STT_13996_NamHung | RP9: STT_21931_NhonPhuc | RQ9: STT_12076_ThanhLong | RR9: STT_24952_TuTra | RS9: STT_31966_PhongThanhTay | RT9: STT_31009_DongYen | RU9: STT_19939_PhuLuong | RV9: STT_10528_TranPhu | RW9: STT_30268_PhuHuu | RX9: STT_05383_PhuLai | RY9: STT_03241_SinhPhinh | RZ9: STT_12859_ThuyVan | SB9: STT_20920_TraDoc | SC9: STT_22459_CamPhuocTay | SD9: STT_16039_TuyLoc | SE9: STT_31807_VinhTan | SF9: STT_28384_ThienTrung | SH9: STT_13216_TanHoa | SI9: STT_12361_TrungDung | SJ9: STT_08005_PhucLai | SK9: STT_24037_IaTrok | SL9: STT_03488_NamPi | SM9: STT_20224_AnKhe | SO9: STT_31228_ThuanHung | SP9: STT_02497_KimPhu | SR9: STT_25123_PhuocLoc | SS9: STT_30568_LuongAnTra | ST9: STT_08578_TanSon | SU9: STT_22552_NinhSim | SV9: STT_02827_QuanHoThan | SW9: STT_30523_VanGiao | SX9: STT_15304_HaNgoc | SY9: STT_27889_TanTay | SZ9: STT_16204_BinhLuong | TB9: STT_27151_05 | TC9: STT_30025_PhuCuong | TD9: STT_11848_HiepHoa | TE9: STT_01813_QuangTrong | TH9: STT_20623_DuyTrung | TI9: STT_24604_KrongNo | TK9: STT_03709_MuongSai | TL9: STT_13477_ThanhTan | TM9: STT_27850_TanThanh | TN9: STT_28894_VinhThanh | TO9: STT_28618_QuonLong | TP9: STT_30301_MyThoi | TQ9: STT_05683_HoaTrung | TR9: STT_15895_HoangTrinh | TS9: STT_08893_DuyPhien | TT9: STT_06784_CamThuy | TU9: STT_31042_VanKhanh | TV9: STT_12166_XuanTruc | TW9: STT_21877_CatTrinh | TX9: STT_25576_BenCui | TY9: STT_20422_CamHa | TZ9: STT_05878_DongTien | UA9: STT_08932_MinhQuang | UB9: STT_09745_LongXuyen | UC9: STT_24142_TanThanh | UE9: STT_29995_PhuThuanB | UF9: STT_07837_HoaSon | UG9: STT_11263_DoanKet | UH9: STT_17413_DienHong | UI9: STT_12415_NhatQuang | UJ9: STT_15688_HopThang | UK9: STT_11653_AnThang | UL9: STT_08959_SonLoi | UM9: STT_31612_PhuMy | UN9: STT_26404_LongAn | UO9: STT_10144_ThanhThuy | UP9: STT_26323_XuanThien | UQ9: STT_06292_LuongNang | UR9: STT_00400_PhuLinh | US9: STT_02971_KimSon | UT9: STT_07783_HongThai | UU9: STT_22912_PhuocVinh | UV9: STT_16591_CacSon | UW9: STT_04609_LangNhi | UX9: STT_14728_YenTu | UY9: STT_00478_UyNo | UZ9: STT_20071_SonThuy | VB9: STT_29797_TanBinh | VC9: STT_21976_PhuocLoc | VD9: STT_23779_IaTo | VE9: STT_06019_TanTien | VF9: STT_07717_TanLieu | VG9: STT_03637_MuongKim | VH9: STT_05026_VinhDong | VI9: STT_01480_NgocKhe | VJ9: STT_02170_VanMinh | VK9: STT_10912_DucChinh | VL9: STT_27583_XuanThoiDong | VM9: STT_21346_SonLap | VN9: STT_31552_NhonMy | VO9: STT_11323_PhanBoiChau | VQ9: STT_29599_LongPhuoc | VR9: STT_03511_TaPhin | VS9: STT_04861_DongRuong | VT9: STT_12610_TanTien | VX9: STT_22072_XuanPhuong | VY9: STT_10378_SonCong | VZ9: STT_28102_DucTan | WB9: STT_23987_IaBLu | WC9: STT_29743_HoaHiep | WD9: STT_14779_NgocTrao | WE9: STT_05530_BinhSon | WF9: STT_24793_4 | WG9: STT_30836_SonBinh | WH9: STT_02110_YenCu | WI9: STT_16763_MuongNoc | WJ9: STT_17059_TamHop | WK9: STT_12010_LuongTai | WL9: STT_06559_TamGia | WM9: STT_24472_EaTrul | WN9: STT_04660_SonA | WP9: STT_17017_DongHieu | WQ9: STT_23260_TanXuan | WR9: STT_16309_TeThang | WS9: STT_19780_PhuongDuc | WU9: STT_19135_LienTrach | WV9: STT_13408_HoangTay | WW9: STT_00325_GiapBat | WX9: STT_14179_GiaoNhan | WY9: STT_15154_CamTu | WZ9: STT_23632_SongAn | XA9: STT_13834_YenDuong | XB9: STT_26989_05 | XC9: STT_15088_DongThinh | XD9: STT_22432_CamLinh | XE9: STT_01756_MaiLong | XF9: STT_13690_CuaNam | XG9: STT_19036_CanhDuong | XH9: STT_21505_BaNgac | XI9: STT_25021_TamBo | XJ9: STT_20782_QueLuu | XK9: STT_23743_HoaPhu | XL9: STT_26140_PhuThinh | XM9: STT_01387_ThanhLong | XN9: STT_26758_NguyenCuTrinh | XO9: STT_28735_BinhAn | XP9: STT_30154_TanBinh | XQ9: STT_05008_CaoDuong | XR9: STT_00550_LeChi | XS9: STT_26194_TanBinh | XT9: STT_07264_TienThang | XV9: STT_31244_ThanhLoi | XW9: STT_03173_NamChua | XX9: STT_21424_DucHoa | XY9: STT_17956_NamGiang | XZ9: STT_23843_DakPling | YA9: STT_20677_QueLong | YB9: STT_21574_TranHungDao | YC9: STT_26017_TamHiep | YD9: STT_17353_DucSon | YE9: STT_04192_YenHung | YF9: STT_23476_Hieu | YG9: STT_01246_BangLang | YH9: STT_27286_03 | YI9: STT_16258_XuanThai | YJ9: STT_01045_DanVan | YK9: STT_08686_DongTrung | YL9: STT_08755_NamViem | YM9: STT_09598_XuanSon | YN9: STT_20041_BinhThanh | YO9: STT_05632_PhuLy | YP9: STT_02776_LungKhauNhin | YQ9: STT_20986_TamHoa | YR9: STT_07399_Kep | YS9: STT_18880_DucNinhDong | YT9: STT_14650_NhuHoa | YU9: STT_14947_LuongNoi | YV9: STT_29290_PhuongThanh | YW9: STT_18523_HuongBinh | YX9: STT_29482_KimSon | YY9: STT_17290_NghiaThai | YZ9: STT_03163_MuongToong | ZA9: STT_07645_AnLac | ZB9: STT_14344_NinhKhanh | ZC9: STT_18025_HungLinh | ZD9: STT_00202_KhamThien | ZE9: STT_15379_VinhHung | ZF9: STT_23176_GiaAn | ZG9: STT_03316_NaTau | ZH9: STT_03197_SaLong | ZI9: STT_13591_DucLy | ZJ9: STT_24332_BinhTan | ZK9: STT_21754_MyPhong | ZL9: STT_25291_LocQuang | ZM9: STT_30487_BinhMy | ZN9: STT_30754_RachSoi | ZO9: STT_02398_YenPhu | ZP9: STT_10630_AnBinh | ZQ9: STT_01558_ThanhNhat | ZR9: STT_31837_VinhTrachDong | ZS9: STT_08995_TamDong | ZT9: STT_20569_DienTho | ZU9: STT_00271_ThanhNhan | ZV9: STT_13777_ThanhLoi | ZW9: STT_21064_BinhAn
